rank	name	result	countryID	date	comp
1	Aedan Bryant	13.2	USA	22 Mar 2025	Orono Open 2025
2	Chris Choi	13.77	USA	15 Feb 2025	Pittsburgh Winter 2025
3	Dan Pastushkov	14.31	USA	8 Sep 2024	Bay Area Speedcubin' 64 LIVE - SSF 2024
4	Michael Larsen	14.52	USA	20 Oct 2024	Davis Fall 2024
5	Chandler Pike	15.77	USA	22 Mar 2025	Orono Open 2025
6	Ty Baird	15.95	USA	8 Feb 2025	Cubing with Dinosaurs Lehi 2025
7	Igor Tarasov	16.37	Ukraine	22 Mar 2025	Big Side & Blind Olsztyn 2025
8	Ledger Ramirez	16.6	USA	16 Mar 2025	OH Weekend of Madness 2025
9	Garrett Hogue	16.67	USA	2 Nov 2024	Vegas Cubing Cup Fall 2024
10	Canyon Pettitt	16.79	USA	23 Nov 2024	Spanish Fork AM 2024
11	Katie Hull	16.86	USA	16 Nov 2024	GA Cubers Go Bananas 2024
12	Szymon Zastawny	17.18	Poland	25 Jan 2025	Piła Open 2025
13	Edd Dibley	17.19	UK	18 Jan 2025	Chichester January 2025
14	Zhihai Liu (刘之海)Zhihai Liu	17.32	China	30 Mar 2025	Fudan University Special 2025
15	Jonathan Rutenberg	17.43	Israel	23 Feb 2025	Bay Area Side Events Day 2025
16	Tyler Hicks	17.57	USA	8 Sep 2024	Bay Area Speedcubin' 64 LIVE - SSF 2024
17	Nikita Popkov	17.73	Russia	27 Oct 2024	SPB Brainstorm FTO Edition 2024
18	Corey Sakowski	17.82	USA	2 Apr 2022	Slow N Steady Spring 2022
19	Zeke Mackay	17.87	USA	25 Jan 2025	Unorthodox Blocks Wisconsin 2025
20	Charles Jerome	17.88	USA	2 Apr 2022	Slow N Steady Spring 2022
21	Stanley Tran	18.03	USA	23 Feb 2025	Bay Area Side Events Day 2025
22	Maksymilian Kulas	18.14	Poland	16 Nov 2024	Olsztyn Squared 2024
22	Daniel Mullen	18.14	USA	25 Jan 2025	Honolulu Hoʻoilo 2025
24	Nathan Phillips	18.17	USA	25 Jan 2025	Unorthodox Blocks Wisconsin 2025
25	Lucas Lippman-Bruno	18.18	USA	25 Jan 2025	Unorthodox Blocks Wisconsin 2025
26	Ben Streeter	18.31	USA	2 Nov 2024	Vegas Cubing Cup Fall 2024
27	Hao Do	18.46	Australia	19 Oct 2024	Brisbane Mega Blind 2024
28	Nolan Yiu	18.47	USA	20 Oct 2024	Davis Fall 2024
29	Nachuan Sun (孙纳川)Nachuan Sun	18.6	China	12 Jan 2025	Nanchang New Year 2025
30	Mason Wong	19.05	USA	20 Oct 2024	Davis Fall 2024
31	Boyan Ma	20.05	UK	19 Oct 2024	Hampshire Autumn 2024
32	James Macdiarmid	20.19	New Zealand	9 Nov 2024	Kubing in Kapiti 2024
33	Nathan Sachleben	20.21	USA	16 Nov 2024	GA Cubers Go Bananas 2024
34	Johanna Szczesny	20.39	Germany	14 Dec 2024	Rhein-Neckar Winter 2024
35	Max Park	20.67	USA	2 Nov 2024	Vegas Cubing Cup Fall 2024
36	Kang Chen (陈康)Kang Chen	20.73	China	12 Jan 2025	Nanchang New Year 2025
37	Elliot Pimentel	21.1	USA	8 Feb 2025	Cubing with Dinosaurs Lehi 2025
38	Anders Barhaugen	21.36	Norway	16 Nov 2024	Kjeller Open 2024
39	Samuel Antonio Cruz Coareti	21.43	Bolivia	19 Jan 2025	Jisk'a Cubing 2025
40	Felix Stuhlmann	21.48	Germany	14 Dec 2024	Rhein-Neckar Winter 2024
41	Jack Corr	21.69	Ireland	30 Nov 2024	Don't Fail Kinsale 2024
42	Ashwyn Wadhawan	21.77	UK	18 Jan 2025	Chichester January 2025
43	Victor Glyrskov	21.78	Denmark	29 Mar 2025	Dåstrup Diverse 2025
44	NJ Kim	21.9	USA	2 Nov 2024	Appalachian Highlands TN 2024
45	Alessandro Diomampo	21.95	USA	23 Feb 2025	Bay Area Side Events Day 2025
46	Vishwa Sankar	21.98	USA	3 Apr 2022	GA Cubers Big Goobers 2022
47	Christian Angelo Araneta Naguio	22.16	Philippines	21 Sep 2024	Minx It Up in Pasig 2024
48	Carlos Méndez García-Barroso	22.39	Spain	14 Sep 2024	Tercer Aldeilla 2024
49	Einar Martin Sandvik	22.61	Norway	16 Feb 2025	Sandnes Winter 2025
50	Slavomil Voloskov (Славомил Волосков)Slavomil Voloskov	22.62	Russia	27 Oct 2024	SPB Brainstorm FTO Edition 2024
51	Dorian Chan	22.64	Hong Kong	22 Feb 2025	Hampshire Winter 2025
52	Kai Yamamoto (山本快)Kai Yamamoto	22.65	Japan	15 Dec 2024	Shinyuri Cubing Room #26 2024
53	Jack McDougall	22.7	New Zealand	9 Nov 2024	Kubing in Kapiti 2024
54	Andrew Tan Jing Bang	22.85	Singapore	1 Jan 2025	A New Year in Singapore 2025
55	Juan Miguel Y. Magallanes	22.87	Philippines	24 Nov 2024	Please Be Quiet Luzon 2024
56	Jason Ostdiek	22.88	USA	25 Jan 2025	Honolulu Hoʻoilo 2025
57	Graham Siggins	23.11	USA	23 Feb 2025	Bay Area Side Events Day 2025
58	Kaoushik Murugan	23.13	India	23 Feb 2025	Bay Area Side Events Day 2025
59	Peter Preston	23.18	USA	19 Oct 2024	Bellingham Fall 2024
59	Adam Carpenter	23.18	USA	23 Nov 2024	Spanish Fork AM 2024
61	Dominic Brandi	23.2	USA	15 Feb 2025	Lex Mini V 2025
62	Saul Emmanuel Ramirez Gonzalez	23.45	Mexico	28 Sep 2024	Niños Héroes Jalisco 2024
63	Prabhav Rajaram Nayak	23.57	India	15 Feb 2025	Marble City Cubing IE 2025
64	Justin Barker	23.65	USA	2 Nov 2024	Appalachian Highlands TN 2024
65	Brian Johnson	23.77	USA	25 Jan 2025	Unorthodox Blocks Wisconsin 2025
66	Samuel Lee	23.84	USA	25 Jan 2025	Charlotte Winter 2025
67	Miles Walcott	23.93	USA	23 Nov 2024	Unorthodox Blocks CO 2 2024
68	Frederico Canal Gomes	23.95	Brazil	18 Jan 2025	Golden Square Shopping 2025
69	Namuun Natsagdorj	24.04	Mongolia	30 Nov 2024	Don't Fail Kinsale 2024
70	Jake Brown	24.16	UK	22 Feb 2025	Hampshire Winter 2025
71	Cormac Finke	24.41	Ireland	30 Nov 2024	Don't Fail Kinsale 2024
72	Petr Karčmař	24.45	Czechia	16 Nov 2024	Olsztyn Squared 2024
73	Yuji Yoshida	24.56	Philippines	20 Oct 2024	Turn 'N Solve Bataan 2024
74	Ethan Mendelson	24.63	USA	9 Nov 2024	BASC 66 - Belmont 2024
75	Isaac Langer	24.68	USA	31 Dec 2022	Cubing on the Octagon 2022
76	Samuel Pike	24.71	USA	22 Mar 2025	Orono Open 2025
77	Mauricio Verdín Carreño	24.73	Mexico	22 Mar 2025	Quedada en Tepic #3 2025
78	Rocco Rannisi	24.83	Italy	22 Mar 2025	Anaunian Side Events 2025
79	Kevin Fernando Gómez Ayón	24.87	Mexico	18 Jan 2025	Ameca Nayarit 2025
80	Ethan Davis	24.88	USA	19 Oct 2024	Bellingham Fall 2024
81	Jonas van Lier	25.1	Netherlands	17 Nov 2024	Dutch Nationals 2024
82	Pep Edén	25.13	Sweden	7 Dec 2024	Winter Cubing in Stafsinge 2024
83	Aneurin Hunt	25.15	New Zealand	9 Nov 2024	Kubing in Kapiti 2024
84	Adam Marcellus Kelly	25.17	Denmark	29 Mar 2025	Dåstrup Diverse 2025
85	Tim Cents	25.25	Netherlands	17 Nov 2024	Dutch Nationals 2024
86	Amity Trace	25.26	USA	12 Oct 2024	Mid-Atlantic Championship 2024
87	Yanavut Jaipukdee (ญาณวุฒิ ใจภักดี)Yanavut Jaipukdee	25.29	Thailand	9 Mar 2025	Latkrabang Speed Meetup 2025
88	Axel Juan Pablo Moreno Rodriguez	25.54	Colombia	14 Dec 2024	Bogotá No Duerme 2024
89	Aayush Shah	25.57	India	4 Aug 2024	Mumbai City Cube Open 2024
90	Ekaterina Kaneva	25.61	Russia	21 Dec 2024	Ivanovo Cuber Cup 2024
91	Reid James Sungy	25.94	USA	23 Nov 2024	Unorthodox Blocks CO 2 2024
92	Diogo Miguel Alves Guerreiro	26.11	Portugal	21 Dec 2024	Cubes 'n Tides in Caparica 2024
93	Yuanrui Zhang	26.13	USA	9 Nov 2024	BASC 66 - Belmont 2024
94	Zitao Ye (叶子滔)Zitao Ye	26.21	China	30 Mar 2025	Fudan University Special 2025
95	Dawid Wójcik	26.31	Poland	22 Mar 2025	Big Side & Blind Olsztyn 2025
96	Alix Jack	26.33	France	17 Nov 2024	Dutch Nationals 2024
97	Ignacy Samselski	26.4	Poland	30 Nov 2024	Back To Białystok 2024
98	Stone Amsbaugh	26.44	USA	22 Jul 2023	Unorthodox Blocks Colorado 2023
99	James Holdsworth	26.59	Australia	1 Sep 2024	Please Be Solved Padbury 2024
100	Ian Yazid Zavala Lopez	26.99	Mexico	19 Oct 2024	Speedcube Baja Open 2024
101	Julen Simón Iriarte	27.11	Spain	29 Nov 2024	Spanish Championship 2024
102	Marcin Wawiórko	27.13	Poland	22 Mar 2025	Big Side & Blind Olsztyn 2025
102	Felix Christian Schmidt	27.13	Germany	1 Feb 2025	Europe FMC - Winter (Mainz) 2025
104	Dylan Himmelfarb	27.15	New Zealand	8 Mar 2025	Johnsonville FTOpen 2025
105	Per Noordstrand	27.32	Netherlands	17 Nov 2024	Dutch Nationals 2024
106	Kian Cline	27.43	USA	23 Nov 2024	Unorthodox Blocks CO 2 2024
107	Yan-Heng Zhang	27.7	UK	22 Feb 2025	Hampshire Winter 2025
108	Alejandro Restrepo Echeverri	27.79	Colombia	19 Aug 2024	Outlet de las Américas 2024
108	Kanyon Lundell	27.79	USA	8 Feb 2025	Cubing with Dinosaurs Lehi 2025
110	Niklas Aasen Eliasson	27.88	Norway	16 Feb 2025	Sandnes Winter 2025
111	Anukun Supcharoenkun (อนุกูล ทรัพย์เจริญกุล)Anukun Supcharoenkun	27.92	Thailand	9 Mar 2025	Latkrabang Speed Meetup 2025
112	Tyler Williams	27.95	Australia	1 Sep 2024	Please Be Solved Padbury 2024
113	Carson Clark	28.03	USA	30 Dec 2024	FMC Ya Dublin OH 2024
114	Akoy Gregory	28.06	USA	23 Nov 2024	Spanish Fork AM 2024
115	Chenjie Zhang (张晨杰)Chenjie Zhang	28.25	China	23 Nov 2024	Chengdu Side Events Day 2024
116	Jude Fleming	28.27	USA	25 Jan 2025	Charlotte Winter 2025
116	Kit Clement	28.27	USA	18 Jul 2024	NAC 2024
116	Natthaphat Mahtani (ณัฐภัทร จี มาทานี)Natthaphat Mahtani	28.27	Thailand	9 Mar 2025	Latkrabang Speed Meetup 2025
119	Calvin Nielson	28.28	USA	9 Nov 2024	BASC 66 - Belmont 2024
120	Chenyi Ye (叶晨佾)Chenyi Ye	28.33	China	12 Jan 2025	Nanchang New Year 2025
121	Alessandro Amato	28.36	Italy	29 Dec 2024	Val di NxN 2024
122	Oliver Jared Zubieta Cuervo	28.44	Colombia	22 Mar 2025	Cubolimpiadas Aves María 2025
123	William Mitchell	28.48	USA	23 Nov 2024	Unorthodox Blocks CO 2 2024
124	Ben Stokes	28.56	UK	19 Oct 2024	Hampshire Autumn 2024
125	Cade Beck	28.64	USA	8 Feb 2025	Cubing with Dinosaurs Lehi 2025
126	Jack Bohning	28.66	USA	25 Oct 2024	Ohio State Exhibition 2024
127	Sean Moran	28.67	UK	18 Jan 2025	Chichester January 2025
128	Leon Maximilian Schröder	28.71	Germany	14 Dec 2024	Rhein-Neckar Winter 2024
129	Akatsuki Kitamura (北村曉)Akatsuki Kitamura	28.72	Japan	15 Feb 2025	Shinyuri Cubing Room #28 2025
130	Marlo Petrola	28.78	USA	19 Oct 2024	Bellingham Fall 2024
130	Szymon Ciepiela	28.78	Poland	24 Aug 2024	Dębica Cubing Summer 2024
132	Florine Zuur	28.81	Netherlands	17 Nov 2024	Dutch Nationals 2024
133	Junior Solis	28.89	USA	13 Oct 2024	Colorado Championship 2024
134	Shota Wakabayashi (若林翔太)Shota Wakabayashi	28.99	Japan	15 Dec 2024	Shinyuri Cubing Room #26 2024
135	Natan Suslowicz	29.16	Poland	14 Dec 2024	Rhein-Neckar Winter 2024
136	David Liu	29.21	USA	25 Jan 2025	Unorthodox Blocks Wisconsin 2025
137	Moritz Lotz	29.22	Germany	23 Nov 2024	FMC Europe (SHA) 2024
138	Oliver Richards	29.28	UK	22 Feb 2025	Hampshire Winter 2025
139	Trevor Mendelson	29.3	USA	8 Sep 2024	Bay Area Speedcubin' 64 LIVE - SSF 2024
140	Julian Giæver-Engesmo	29.32	Norway	16 Nov 2024	Kjeller Open 2024
141	Manuel Popayán	29.36	Colombia	22 Sep 2024	Meridiano Cota 2024
142	Felix Samuel Williams	29.39	Australia	21 Sep 2024	Slow Down Adelaide 2024
143	Miguel Martínez Montañes	29.44	Spain	29 Nov 2024	Spanish Championship 2024
144	Nate Hunter	29.53	USA	1 Feb 2025	Cubing on the Plains Auburn 2025
145	Braden Richards	29.57	USA	15 Feb 2025	Pittsburgh Winter 2025
146	Connor Theodore	29.86	Australia	19 Oct 2024	Brisbane Mega Blind 2024
147	Zean Zhou (周泽安)Zean Zhou	29.87	China	23 Nov 2024	Chengdu Side Events Day 2024
148	Anne Peterson	29.88	USA	23 Nov 2024	Unorthodox Blocks CO 2 2024
149	Igor Chojnacki	30.04	Ireland	30 Nov 2024	Don't Fail Kinsale 2024
150	Bartłomiej Krokos	30.08	Poland	24 Aug 2024	Dębica Cubing Summer 2024
151	Anishk Arora	30.15	USA	19 Oct 2024	Bellingham Fall 2024
152	Matt Mao	30.3	China	20 Oct 2024	Davis Fall 2024
153	Hector David Martinez Argaez	30.31	Colombia	19 Aug 2024	Outlet de las Américas 2024
154	Rafael Rodriguez Santana	30.35	Spain	29 Nov 2024	Spanish Championship 2024
155	Kim Roger Haraldsen	30.37	Norway	27 Jul 2024	WCA European Championship 2024
156	Ben Yu	30.38	USA	8 Sep 2024	Bay Area Speedcubin' 64 LIVE - SSF 2024
157	Stefano Della Valle	30.5	Italy	22 Mar 2025	Anaunian Side Events 2025
158	Raymos Castillo	30.52	USA	10 Dec 2022	LoCo Cubing PM 2022
159	Jack Okazaki	30.61	USA	25 Jan 2025	Honolulu Hoʻoilo 2025
160	Adam Devere	30.87	UK	22 Feb 2025	Hampshire Winter 2025
160	Jameson R. Sramek	30.87	USA	25 Jan 2025	Unorthodox Blocks Wisconsin 2025
162	Oscar Isaac Corona Munguía	30.88	Mexico	24 Nov 2024	DNFeandon't Guadalajara 2024
163	Álvaro Aguilar Salobreña	30.9	Spain	14 Sep 2024	Tercer Aldeilla 2024
164	Blake Thompson	30.93	USA	26 Mar 2022	Happy Valley Spring 2022
165	Kamil Kiełkowski	31.15	Poland	25 Jan 2025	Piła Open 2025
166	Diego Antonio Gualajara García	31.16	Mexico	24 Nov 2024	DNFeandon't Guadalajara 2024
167	David Akerboom	31.26	Netherlands	17 Nov 2024	Dutch Nationals 2024
168	Ekaterina Soboleva (Екатерина Соболева)Ekaterina Soboleva	31.48	Russia	27 Oct 2024	SPB Brainstorm FTO Edition 2024
168	Miguel Pajaro	31.48	Colombia	8 Feb 2025	Copa Pyraminx Bogotá 2025
170	Jiaxi Ye (叶佳希)Jiaxi Ye	31.62	China	12 Jan 2025	Nanchang New Year 2025
171	Steve Greer	31.64	USA	20 Nov 2021	Pittsburgh Fall 2021
172	Michael Muething	31.7	USA	2 Nov 2024	Vegas Cubing Cup Fall 2024
173	Brandon Harnish	31.71	USA	13 Nov 2021	SacCubing X 2021
174	Miguel Angel Zamorano Beltran	31.82	Mexico	24 Nov 2024	DNFeandon't Guadalajara 2024
175	Jamie Otsu	31.84	Australia	19 Oct 2024	Brisbane Mega Blind 2024
176	Magnus Lensch	31.92	Germany	14 Dec 2024	Rhein-Neckar Winter 2024
177	Yanchen Long (龙彦辰)Yanchen Long	32.79	China	23 Nov 2024	Chengdu Side Events Day 2024
178	Saisabari Ramesh	32.8	USA	8 Dec 2024	Wakefield Winter 2024
178	Sotaro Hayashi (林聡太朗)Sotaro Hayashi	32.8	Japan	16 Mar 2025	Shinyuri Cubing Room #29 2025
180	Dylan Seah Tze Siang	32.84	Singapore	1 Jan 2025	A New Year in Singapore 2025
181	Chris Van Der Brink	32.88	USA	18 Jul 2024	NAC 2024
182	Marc Jason L. Laresma	33.06	Philippines	10 Aug 2024	Imus Sides Matter 2024
183	Rahul Bollini	33.17	USA	20 Oct 2024	Davis Fall 2024
184	William Gerdin	33.24	Sweden	7 Dec 2024	Winter Cubing in Stafsinge 2024
185	Aiden Bartlett	33.26	USA	14 Sep 2024	Oregon Championship 2024
186	Kaemon Vita	33.4	USA	23 Nov 2024	Unorthodox Blocks CO 2 2024
187	Jacob Carubia	33.46	USA	8 Dec 2024	Wakefield Winter 2024
187	Tomasz Stawowy	33.46	Poland	30 Nov 2024	Back To Białystok 2024
189	Charlie Eggins	33.48	Australia	19 Oct 2024	Brisbane Mega Blind 2024
190	Adam Śmigaj	33.57	Poland	24 Aug 2024	Dębica Cubing Summer 2024
191	Fidel Urias Godínez	33.61	Mexico	19 Oct 2024	Speedcube Baja Open 2024
192	Aidan Loh Kai Ye	33.71	Singapore	1 Jan 2025	A New Year in Singapore 2025
193	Anqi Yu	33.8	Bulgaria	22 Feb 2025	Hampshire Winter 2025
194	Lucas Dowling	33.85	Ireland	15 Feb 2025	Marble City Cubing IE 2025
195	Erlend Ektvedt Fredriksen	33.91	Norway	16 Nov 2024	Kjeller Open 2024
196	Breton MacDonald	33.96	Canada	9 Aug 2024	Ontario Championship 2024
197	Varenya Jyotiraditya	33.98	USA	8 Sep 2024	Bay Area Speedcubin' 64 LIVE - SSF 2024
198	Dominik Beese	33.99	Germany	17 Aug 2024	Rhein-Neckar MS 2024
199	Asier Adell Díaz	34.03	Spain	29 Nov 2024	Spanish Championship 2024
200	Lage Bonde	34.06	Sweden	7 Dec 2024	Winter Cubing in Stafsinge 2024
201	Polina Lapteva (Полина Лаптева)Polina Lapteva	34.14	Russia	27 Oct 2024	SPB Brainstorm FTO Edition 2024
202	Aston Culf	34.15	Australia	21 Sep 2024	Slow Down Adelaide 2024
203	Alexander Botz	34.24	Germany	22 Feb 2025	RNFP 2025
204	Boxun Zhang (张博勋)Boxun Zhang	34.29	China	30 Mar 2025	Fudan University Special 2025
205	Jack Roe	34.32	USA	23 Nov 2024	Unorthodox Blocks CO 2 2024
206	Hunter Mackler	34.33	USA	18 Aug 2024	Grand Rapids Cubes 2024
207	Vincent Benites	34.47	USA	2 Nov 2024	Vegas Cubing Cup Fall 2024
208	Elijah Francis Jagonio	34.57	Philippines	10 Aug 2024	Imus Sides Matter 2024
209	Taym Rihawi	34.68	Syria	16 Nov 2024	GA Cubers Go Bananas 2024
210	Neo Cuares	34.71	Philippines	29 Sep 2024	Fast Turns Only in Cebu 2024
211	Nguyen Dao Quoc Anh	34.78	Vietnam	10 Aug 2024	Blind Till Nine in Vietnam 2024
212	Antonio Bonessi	34.83	USA	2 Nov 2024	Appalachian Highlands TN 2024
213	Konrad Boe Haugen Olsen	34.86	Denmark	26 Oct 2024	Oct-ober-ahedron i Hvidovre 2024
214	Derek McNee	34.91	USA	27 Jul 2023	CubingUSA Nationals 2023
215	Ezra Lauritzson	34.94	USA	21 Sep 2024	Waukesha's Equinox 2024
216	Benjamin Gottschalk	34.99	USA	14 Sep 2024	Oregon Championship 2024
217	Max Xiong (熊锐明)Max Xiong	35.12	Canada	9 Aug 2024	Ontario Championship 2024
218	Gibran Kwan	35.14	Philippines	21 Sep 2024	Minx It Up in Pasig 2024
219	Kyrie Eleison S. Capiral	35.16	Philippines	24 Nov 2024	Please Be Quiet Luzon 2024
220	Abhimanyu Singhal ((अभिमन्यु सिंघल))Abhimanyu Singhal	35.32	USA	8 Sep 2024	Bay Area Speedcubin' 64 LIVE - SSF 2024
221	Chang Hong Liang	35.33	Singapore	1 Sep 2024	Singapore Masters 2024
222	Jeremy Benik	35.37	USA	16 Nov 2024	Reno Fall 2024
222	Bárbara Guerra Ribeiro	35.37	Brazil	7 Sep 2024	Forgotten O'Clocks II SBC 2024
224	Dalton Padgett	35.38	USA	3 Apr 2022	GA Cubers Big Goobers 2022
225	Mick Boekema	35.39	Netherlands	17 Nov 2024	Dutch Nationals 2024
226	Brandon Wallace	35.45	USA	2 Nov 2024	Skowhegan Spookfest 2024
227	Mitchell Lane	35.48	USA	9 Nov 2024	BASC 66 - Belmont 2024
228	Joshua Wright	35.49	Canada	2 Nov 2024	Newmarket Side Events 2024
229	Evan Maccagnan	35.5	Italy	22 Mar 2025	Anaunian Side Events 2025
230	Amitai Ziv	35.63	Israel	27 Jul 2024	WCA European Championship 2024
231	Andreas Lambropoulos	35.77	USA	25 Jan 2025	Charlotte Winter 2025
232	Rafael Ricardo Gómez Algarra	35.81	Colombia	14 Dec 2024	Bogotá No Duerme 2024
233	Viktor Pearl	35.86	USA	15 Sep 2024	Lexing-not-a-ton of NxNs 2024
234	Wilson Hettinger	35.9	USA	8 Feb 2025	Cubing with Dinosaurs Lehi 2025
235	Eli Ozsvath	35.96	USA	31 Aug 2024	Pretzel Mania Summer 2024
236	Samuel Martin	36.07	USA	23 Feb 2025	Bay Area Side Events Day 2025
237	Panashe Sharma	36.12	USA	22 Feb 2025	PA-retzel Mania Winter 2025
238	Davian van Plateringen	36.16	Netherlands	17 Nov 2024	Dutch Nationals 2024
238	Brock Burgi	36.16	USA	8 Feb 2025	Cubing with Dinosaurs Lehi 2025
240	Benjamin Goodwin	36.37	Australia	30 Nov 2024	Sydney Cube-Off Saturday 2024
240	Srianiketh Prashanth	36.37	USA	1 Feb 2025	Cubing on the Plains Auburn 2025
242	Gavin Chartier	36.55	USA	13 Oct 2024	Colorado Championship 2024
243	Lichia Huang	36.6	Taiwan	8 Dec 2024	Wakefield Winter 2024
244	Jeremy Bulambot	36.62	USA	2 Nov 2024	Vegas Cubing Cup Fall 2024
245	Jacob Chambers	36.68	UK	24 Nov 2024	Lincolnshire Autumn 2024
246	Daichi Halphen	36.83	USA	16 Mar 2025	OH Weekend of Madness 2025
247	Vedanth Bharadwaj	36.85	USA	23 Feb 2025	Bay Area Side Events Day 2025
248	Jaden Thompson	36.9	USA	2 Nov 2024	Vegas Cubing Cup Fall 2024
249	Lingfeifei Fang (方凌菲菲)Lingfeifei Fang	36.93	China	12 Jan 2025	Nanchang New Year 2025
250	Nông Quốc Khánh	36.95	Vietnam	10 Aug 2024	Blind Till Nine in Vietnam 2024
251	Diego Alejandro Casas Jimenez	37	Colombia	19 Aug 2024	Outlet de las Américas 2024
252	William Jackson	37.07	New Zealand	8 Mar 2025	Johnsonville FTOpen 2025
253	Orion Leavitt-Lytle	37.08	USA	25 Jan 2025	Charlotte Winter 2025
254	Sebastian Stone	37.09	USA	20 Oct 2024	Davis Fall 2024
255	Thomas Grahor	37.22	USA	18 Aug 2024	Grand Rapids Cubes 2024
256	Jose Sánchez García	37.35	Spain	19 Oct 2024	Bullas Open 2024
257	Xiaoyu Fang (方小雨)Xiaoyu Fang	37.7	China	12 Jan 2025	Nanchang New Year 2025
258	Christofer Alejandro Aguirre Robledo	37.72	Mexico	24 Nov 2024	DNFeandon't Guadalajara 2024
259	Emily Bentley	37.76	UK	18 Jan 2025	Chichester January 2025
260	Ezekiel L. Inciso	37.88	Philippines	29 Dec 2024	CaMaNaVa Year-End Blast 2024
261	Austin Worley	37.89	USA	21 Sep 2024	Waukesha's Equinox 2024
262	Andrew Clippinger	37.94	USA	16 Nov 2024	GA Cubers Go Bananas 2024
263	Sebastian Kling	38.04	Germany	14 Dec 2024	Rhein-Neckar Winter 2024
264	Josiah L. Harvey	38.16	Australia	1 Sep 2024	Please Be Solved Padbury 2024
265	Gabriel Gowman	38.18	USA	16 Mar 2025	OH Weekend of Madness 2025
266	Jokūbas Endriulaitis	38.19	Lithuania	16 Feb 2025	Sandnes Winter 2025
267	Stephen Griggs	38.2	USA	15 Feb 2025	Pittsburgh Winter 2025
268	James A. Acana	38.24	Philippines	29 Dec 2024	CaMaNaVa Year-End Blast 2024
269	Jan Engling	38.25	Germany	23 Nov 2024	FMC Europe (SHA) 2024
270	Daniel Page	38.31	USA	21 Jun 2024	CubingUSA Rocky Mountain Championship 2024
271	Estevan Lujan	38.34	USA	18 Jul 2024	NAC 2024
272	Luke Bailey	38.35	USA	21 Jun 2024	CubingUSA Rocky Mountain Championship 2024
273	Nicolas Harper	38.39	USA	25 Jan 2025	Honolulu Hoʻoilo 2025
274	Malcolm Walter Ang	38.4	Singapore	1 Sep 2024	Singapore Masters 2024
275	Jack Stewart	38.42	USA	18 Jul 2024	NAC 2024
276	Jan Bentlage	38.45	Germany	17 Aug 2024	Rhein-Neckar MS 2024
277	Steven Wintringham	38.46	USA	31 Dec 2024	A Tuesday in Ashfield 2024
278	Michał Denkiewicz	38.5	Poland	24 Aug 2024	Dębica Cubing Summer 2024
279	Brage Rognes	38.55	Norway	16 Nov 2024	Kjeller Open 2024
280	Justin Sui	38.66	USA	18 Aug 2024	Grand Rapids Cubes 2024
281	Evan McConnell	38.68	USA	20 Oct 2023	CubingUSA Great Lakes Championship 2023
282	Walker Welch	38.73	USA	2 Apr 2022	Ohio State Expo Open 2022
283	Antonie Paterakis	38.89	Netherlands	29 Nov 2024	Spanish Championship 2024
284	Chase Pak	39	USA	25 Jan 2025	Charlotte Winter 2025
285	Archie Goodman	39.03	New Zealand	22 Feb 2025	Hampshire Winter 2025
286	Michael Pirollo	39.09	USA	22 Feb 2025	PA-retzel Mania Winter 2025
287	William Patrick Boland	39.41	USA	12 Oct 2024	Mid-Atlantic Championship 2024
288	Alessandro Zangolini	39.47	Italy	29 Dec 2024	Val di NxN 2024
289	Joon Cha (차준혁)Joon Cha	39.51	South Korea	16 Nov 2024	GA Cubers Go Bananas 2024
290	Jonas Pilhöfer	39.57	Germany	27 Jul 2024	WCA European Championship 2024
291	Crystal Calvert	39.75	USA	14 Sep 2024	Oregon Championship 2024
292	Sophie Gilbert	39.78	UK	18 Jan 2025	Chichester January 2025
293	Samuel Ramírez Ortiz	39.94	Colombia	8 Feb 2025	Copa Pyraminx Bogotá 2025
294	Elliott Laurent	39.97	Ireland	30 Nov 2024	Don't Fail Kinsale 2024
294	Finley Norris	39.97	UK	22 Feb 2025	Hampshire Winter 2025
296	Sula Mareska	40.08	USA	13 Oct 2024	Colorado Championship 2024
297	Karl Liam L. Abarquez	40.18	Philippines	24 Nov 2024	Please Be Quiet Luzon 2024
298	Bojun Chen (陈柏钧)Bojun Chen	40.21	China	12 Jan 2025	Nanchang New Year 2025
299	Matthew Stephenson	40.22	UK	24 Nov 2024	Lincolnshire Autumn 2024
300	Carolin Saar	40.26	Germany	14 Dec 2024	Rhein-Neckar Winter 2024
301	Matthew Isabella	40.35	USA	31 Dec 2024	A Tuesday in Ashfield 2024
302	Chenxin Gao (高晨鑫)Chenxin Gao	40.57	China	12 Jan 2025	Nanchang New Year 2025
303	Julian Kim	40.62	USA	22 Mar 2025	Orono Open 2025
304	Breylan Ouellette	40.67	USA	25 Jan 2025	Charlotte Winter 2025
305	Piotr Olszewski	40.71	Poland	16 Nov 2024	Olsztyn Squared 2024
306	Asbjørn Brummer Birkelund	40.81	Denmark	10 Aug 2024	Festlige Terninger Østervang 2024
307	Alex Bohac	40.85	USA	25 Jan 2025	Charlotte Winter 2025
307	Matthew Tucker	40.85	UK	22 Feb 2025	Hampshire Winter 2025
309	Owen Vaughan	41.04	USA	23 Feb 2025	Bay Area Side Events Day 2025
310	Renan da Cunha Santos	41.23	Brazil	18 Jan 2025	Golden Square Shopping 2025
311	Louie Jay Quibote	41.25	Philippines	20 Oct 2024	Turn 'N Solve Bataan 2024
312	Sascha Pugar	41.3	Canada	2 Nov 2024	Newmarket Side Events 2024
313	Nathan Liang	41.32	Canada	17 Nov 2024	Ottawa Big Cubes 2024
314	James Moore	41.42	New Zealand	9 Nov 2024	Kubing in Kapiti 2024
315	David McLean	41.5	Australia	19 Oct 2024	Brisbane Mega Blind 2024
316	Ashten L. Jampayas	41.62	USA	27 Jul 2023	CubingUSA Nationals 2023
317	Henry Tear	41.75	UK	18 Jan 2025	Chichester January 2025
318	Enyu Lu	41.76	China	15 Feb 2025	Cube n' Chill in Chiang Mai 2025
319	Jason Panagiotidis	41.82	Australia	30 Nov 2024	Sydney Cube-Off Saturday 2024
320	Arturo García Sánchez	41.84	Spain	29 Nov 2024	Spanish Championship 2024
321	Aron Kasprowicz	41.9	Poland	25 Jan 2025	Piła Open 2025
322	Beth Lee	42.02	Singapore	1 Jan 2025	A New Year in Singapore 2025
323	Kaixi Guo (郭铠希)Kaixi Guo	42.12	China	18 Jan 2025	Bangkok Cube Festival 2025
324	Julian Alejandro Forero Gonzalez	42.16	Colombia	14 Dec 2024	Bogotá No Duerme 2024
324	Raúl Cuevas Castillo	42.16	Spain	14 Sep 2024	Tercer Aldeilla 2024
326	Mai Đức Hòa	42.19	Vietnam	10 Aug 2024	Blind Till Nine in Vietnam 2024
327	Wenlong Zhang (张文龙)Wenlong Zhang	42.24	China	12 Jan 2025	Nanchang New Year 2025
328	Lucas Kim	42.26	USA	8 Sep 2024	Bay Area Speedcubin' 64 LIVE - SSF 2024
329	Pierce Tickle	42.28	USA	22 Feb 2025	PA-retzel Mania Winter 2025
330	Einar Kvam Lundberg	42.29	Norway	11 Aug 2024	Norwegian Championship 2024
331	Isaac Shailor	42.34	USA	25 Jan 2025	Unorthodox Blocks Wisconsin 2025
332	Robin Verstraten	42.38	Netherlands	17 Nov 2024	Dutch Nationals 2024
333	Tommy Cherry	42.39	USA	12 Jun 2022	GA Cubers Big & Blind & Time 2022
334	Victoria Alejandra Zambrano Buitrago	42.4	Colombia	19 Oct 2024	Plaza Imperial Bogotá 2024
335	Daniel Goodman	42.43	USA	27 Jul 2023	CubingUSA Nationals 2023
336	Bertie Longden	42.56	UK	19 Oct 2024	Hampshire Autumn 2024
337	Torakazu Onota (小野田虎司)Torakazu Onota	42.57	Japan	15 Dec 2024	Shinyuri Cubing Room #26 2024
338	Hajime Miyazaki (宮崎朔)Hajime Miyazaki	42.61	Japan	15 Feb 2025	Shinyuri Cubing Room #28 2025
338	Leonardo Jiménez Arias	42.61	Spain	29 Nov 2024	Spanish Championship 2024
340	Iya Franzene L. Hufancia	42.66	Philippines	29 Sep 2024	Ortigas Fair and Squares 2024
341	Zach Calin	42.71	USA	18 Jul 2024	NAC 2024
342	Anthony Dominquez	42.75	USA	14 Sep 2024	Oregon Championship 2024
343	Lyon Niki (二木リヨン)Lyon Niki	42.76	Japan	18 Jan 2025	Shinyuri Cubing Room #27 2025
344	Nikita Kuznetsov	42.88	Russia	27 Oct 2024	SPB Brainstorm FTO Edition 2024
345	Luna Fuchsloch	42.97	Germany	27 Jul 2024	WCA European Championship 2024
346	Brian Acuña	43.01	Philippines	29 Sep 2024	Fast Turns Only in Cebu 2024
347	Jackson Forner	43.03	USA	18 Jul 2024	NAC 2024
348	Tamar Ozsvath	43.1	USA	22 Feb 2025	PA-retzel Mania Winter 2025
349	Arián Martín Núñez	43.16	Spain	27 Jul 2024	WCA European Championship 2024
350	Jan Zych	43.21	Poland	27 Jul 2024	WCA European Championship 2024
351	János Csontos	43.3	USA	21 Sep 2024	Waukesha's Equinox 2024
352	Jhersson Cabezas Luizaga	43.37	Bolivia	19 Jan 2025	Jisk'a Cubing 2025
353	Eduard Esteban García Domínguez	43.39	Colombia	19 Aug 2024	Outlet de las Américas 2024
354	Nikolas Baxevanis	43.53	Greece	22 Dec 2024	Thessaloniki Winter Open 2024
355	Zayd Chaudhry	43.55	Australia	27 Jul 2024	WCA European Championship 2024
356	Isaac Myers	43.61	USA	28 Nov 2021	CubingUSA Western Championship 2021
357	Liam Cook	43.68	USA	18 Aug 2024	Grand Rapids Cubes 2024
358	Sean Hartman	43.75	USA	18 Jul 2024	NAC 2024
359	Afonso Carvalho	43.8	Portugal	21 Dec 2024	Cubes 'n Tides in Caparica 2024
360	Luukas Lempinen	43.97	Finland	27 Jul 2024	WCA European Championship 2024
361	Platon Kabakov	44.06	Russia	21 Dec 2024	Ivanovo Cuber Cup 2024
362	Aurelia Röpke	44.08	Germany	17 Aug 2024	Rhein-Neckar MS 2024
363	Joaqui Gerard Isip	44.11	Philippines	10 Aug 2024	Imus Sides Matter 2024
364	Fabio Piumatti	44.15	Italy	22 Mar 2025	Anaunian Side Events 2025
365	Maksim Ammosov	44.21	Russia	27 Oct 2024	SPB Brainstorm FTO Edition 2024
366	Cameron Cook	44.32	USA	18 Aug 2024	Grand Rapids Cubes 2024
367	Caleb Yao	44.47	USA	20 Oct 2024	Davis Fall 2024
368	Yunxi Yang (杨云茜)Yunxi Yang	44.51	China	12 Jan 2025	Nanchang New Year 2025
369	Gavin Zhu	44.78	USA	20 Jan 2024	SacCubing XVI 2024
369	Federico Chiarello	44.78	Italy	29 Dec 2024	Val di NxN 2024
371	Takumi Tamura (田村匠)Takumi Tamura	44.86	Japan	24 Nov 2024	Please Be Quiet Luzon 2024
372	Jonathan Proulx	44.91	Canada	17 Nov 2024	Ottawa Big Cubes 2024
372	Enrico Tenuti	44.91	Italy	22 Mar 2025	Anaunian Side Events 2025
374	Astrid Gómez Martin	45	Spain	14 Sep 2024	Tercer Aldeilla 2024
375	Benjamin Bjerring Bach	45.03	Denmark	29 Mar 2025	Dåstrup Diverse 2025
376	Brendan Lee	45.05	USA	15 Sep 2024	Lexing-not-a-ton of NxNs 2024
376	Ruben Norén Gustafsson	45.05	Sweden	7 Dec 2024	Winter Cubing in Stafsinge 2024
378	Eduardo Lucas Muñoz de Lucas	45.36	Spain	29 Nov 2024	Spanish Championship 2024
379	Tadhg Keating	45.4	Ireland	15 Feb 2025	Marble City Cubing IE 2025
380	Alfred Anthony Riise Lucas	45.44	Denmark	26 Oct 2024	Oct-ober-ahedron i Hvidovre 2024
381	Caleb Suh	45.57	USA	8 Sep 2024	Bay Area Speedcubin' 64 LIVE - SSF 2024
382	Jacob Miko Tan (陈在元)Jacob Miko Tan	45.6	Philippines	1 Sep 2024	Valenzuela Sides Challenge 2024
383	Lucas Nieuwland	45.64	Canada	9 Aug 2024	Ontario Championship 2024
384	Jacob Fleishauer	45.79	USA	24 Aug 2024	Back to School Colorado 2024
385	Griffin Kim	45.87	USA	12 Oct 2024	Mid-Atlantic Championship 2024
386	Tom Nelson	45.93	New Zealand	9 Nov 2024	Kubing in Kapiti 2024
387	Jiayi Li (李佳忆)Jiayi Li	45.97	China	23 Nov 2024	Chengdu Side Events Day 2024
388	Nguyễn Minh Châu	46.08	Vietnam	10 Aug 2024	Blind Till Nine in Vietnam 2024
389	Josete Sánchez	46.1	Spain	14 Sep 2024	Tercer Aldeilla 2024
390	James Golding	46.28	UK	18 Jan 2025	Chichester January 2025
391	Joshua Aaron Maupin	46.29	USA	23 Nov 2024	Unorthodox Blocks CO 2 2024
392	Anuar Miguel Abib Onofre	46.3	Brazil	7 Sep 2024	Forgotten O'Clocks II SBC 2024
393	Leonardo Sánchez Del Toro	46.42	Mexico	18 Aug 2024	Matatipac Open 2024
394	Felix Lee	46.56	USA	8 Sep 2024	Bay Area Speedcubin' 64 LIVE - SSF 2024
395	Anthony Carrillo	46.57	USA	25 Jan 2025	Honolulu Hoʻoilo 2025
396	Rémi Chrétien	46.63	Canada	17 Nov 2024	Ottawa Big Cubes 2024
397	Daniel Hicklin	46.74	USA	25 Jan 2025	Charlotte Winter 2025
398	David Sánchez Peris	46.85	Spain	29 Nov 2024	Spanish Championship 2024
399	Sonja Black	46.92	USA	19 Oct 2024	Bellingham Fall 2024
400	Jinge Li (李金戈)Jinge Li	46.96	China	1 Oct 2024	UESTC Campus Cube Open 2024
401	Ismaele Chiarella	47	Italy	27 Jul 2024	WCA European Championship 2024
402	Ronaldo Zavala	47.02	USA	13 Oct 2024	Colorado Championship 2024
403	Olga Fedorova	47.04	Russia	21 Dec 2024	Ivanovo Cuber Cup 2024
404	Michael Lee	47.05	USA	14 Sep 2024	Oregon Championship 2024
405	Joseph Ong	47.11	USA	18 Jul 2024	NAC 2024
406	Oleh Toporovych (Олег Топорович)Oleh Toporovych	47.24	Ukraine	25 Jan 2025	Piła Open 2025
407	Carter Kucala	47.29	USA	25 Jan 2025	Unorthodox Blocks Wisconsin 2025
407	Matīss Maksis Podinskis	47.29	Latvia	26 Jan 2025	Ropaži Winter 2025
409	Olga Yasakova	47.31	Russia	21 Dec 2024	Ivanovo Cuber Cup 2024
410	Leo Hougaard	47.35	Denmark	10 Aug 2024	Festlige Terninger Østervang 2024
410	Dimetri De La Rea	47.35	Philippines	21 Sep 2024	Minx It Up in Pasig 2024
412	Benjamin Romeo	47.38	USA	15 Feb 2025	Lex Mini V 2025
413	Levi Gibson	47.42	USA	31 Dec 2024	A Tuesday in Ashfield 2024
414	Oliver Michael Sitja Sichel	47.43	USA	13 Oct 2024	Colorado Championship 2024
415	Kingston Oriordan	47.47	Denmark	29 Mar 2025	Dåstrup Diverse 2025
416	Luke Nix	47.52	USA	25 Jan 2025	Charlotte Winter 2025
417	Sophia Warren	47.53	Canada	2 Nov 2024	Newmarket Side Events 2024
418	Dallas McNeil	47.55	Australia	21 Sep 2024	Slow Down Adelaide 2024
419	Mattheo de Wit	47.62	Netherlands	27 Jul 2024	WCA European Championship 2024
420	Dominic Redisi	47.63	USA	16 Nov 2024	GA Cubers Go Bananas 2024
421	Ethan George Hayes	47.72	USA	29 Jun 2024	CubingUSA Northwest Championship 2024
422	Juan Garcia	47.9	Colombia	22 Mar 2025	Cubolimpiadas Aves María 2025
423	Luke Garrett	47.95	USA	16 Mar 2025	OH Weekend of Madness 2025
424	Eli Kirk	48.01	USA	19 Oct 2024	Bellingham Fall 2024
425	Vicente Guadalupe Galliano Villagra	48.15	Mexico	18 Jan 2025	Ameca Nayarit 2025
426	Liam Pintat	48.21	UK	22 Feb 2025	Hampshire Winter 2025
427	Paul Luciw	48.24	France	27 Jul 2024	WCA European Championship 2024
428	Yuto Morishita (森下優斗)Yuto Morishita	48.39	Japan	15 Dec 2024	Shinyuri Cubing Room #26 2024
428	Skye Mcfadzen	48.39	Canada	17 Nov 2024	Ottawa Big Cubes 2024
430	Jeffrey Chen	48.49	USA	31 Aug 2024	Pretzel Mania Summer 2024
431	Alex Pennington	48.64	UK	18 Jan 2025	Chichester January 2025
432	Eduardo Pires	48.68	Portugal	21 Dec 2024	Cubes 'n Tides in Caparica 2024
433	David Leutert	48.71	Germany	14 Dec 2024	Rhein-Neckar Winter 2024
434	Camden Morgan	48.84	USA	16 Mar 2025	OH Weekend of Madness 2025
435	Armaan Qasim	48.9	USA	8 Sep 2024	Bay Area Speedcubin' 64 LIVE - SSF 2024
436	Rian McDermott	49	Ireland	30 Nov 2024	Don't Fail Kinsale 2024
437	Rhys Courtine	49.11	USA	25 Jan 2025	Charlotte Winter 2025
438	Aaron Feng	49.14	USA	16 Mar 2025	OH Weekend of Madness 2025
439	Pavlo Bondar (Павло Бондар)Pavlo Bondar	49.16	Ukraine	27 Jul 2024	WCA European Championship 2024
440	Zachary White	49.2	USA	3 Apr 2022	GA Cubers Big Goobers 2022
441	Zach Ridall	49.26	USA	31 Aug 2024	Pretzel Mania Summer 2024
442	Clancy Caster	49.31	USA	14 Sep 2024	Oregon Championship 2024
443	Zach Baruch	49.34	USA	30 Dec 2024	FMC Ya Dublin OH 2024
444	Steven Morrise	49.39	USA	23 Nov 2024	Spanish Fork AM 2024
445	Vincent Chan	49.52	Netherlands	17 Nov 2024	Dutch Nationals 2024
446	David F. Andron Silva	49.78	USA	8 Dec 2024	Wakefield Winter 2024
447	Eagan Cunningham	49.79	USA	20 Oct 2023	CubingUSA Great Lakes Championship 2023
448	Rachel Joy Peterson	49.84	USA	23 Nov 2024	Unorthodox Blocks CO 2 2024
448	Takumi Kawazoe (川添匠)Takumi Kawazoe	49.84	Japan	18 Jan 2025	Shinyuri Cubing Room #27 2025
450	Oliver Wheat	49.85	UK	19 Oct 2024	Hampshire Autumn 2024
451	Timothy Phan	50	USA	23 Feb 2025	Bay Area Side Events Day 2025
452	Peter Osudar	50.09	Canada	27 Jul 2024	WCA European Championship 2024
453	Gijs Peletier	50.11	Netherlands	17 Nov 2024	Dutch Nationals 2024
454	Melle van Ruijven	50.12	Netherlands	17 Nov 2024	Dutch Nationals 2024
455	Luis Tan Hong Yi (陈宏溢)Luis Tan Hong Yi	50.16	Singapore	1 Jan 2025	A New Year in Singapore 2025
456	Kinkajou Oren	50.22	USA	14 Sep 2024	Oregon Championship 2024
457	Lucy Grace Bryson	50.54	USA	16 Mar 2025	OH Weekend of Madness 2025
458	Conor McMorrow	50.57	Ireland	15 Feb 2025	Marble City Cubing IE 2025
459	Maikuan Zeng (曾迈宽)Maikuan Zeng	50.66	China	6 Oct 2024	Shaanxi October Open 2024
460	Amelie Dieterich	50.71	Germany	22 Feb 2025	RNFP 2025
461	Marius Bergo Nielsen	50.97	Norway	16 Feb 2025	Sandnes Winter 2025
462	Matthew Jalkut	51	USA	15 Sep 2024	Lexing-not-a-ton of NxNs 2024
463	Brayden Adams	51.05	USA	31 Aug 2024	Pretzel Mania Summer 2024
464	Francisco Thales Rocha Sousa	51.14	Brazil	12 Oct 2024	Skewbeleza Fortaleza II 2024
465	Jacob Ambrose	51.15	USA	3 Apr 2022	GA Cubers Big Goobers 2022
466	Shaun Mack	51.29	USA	12 Oct 2024	Mid-Atlantic Championship 2024
467	Francis Yuel B. Merced	51.49	Philippines	1 Feb 2025	Caviteminx 2025
468	Samuel Ramirez Ramirez	51.64	Colombia	3 Nov 2024	Planetario Bogotá 2024
469	Jack Bellomy	51.66	USA	24 Aug 2024	Back to School Colorado 2024
470	Fernando Granado Torres	51.7	Spain	29 Nov 2024	Spanish Championship 2024
471	Ben Royce	51.71	USA	29 Nov 2024	Spanish Championship 2024
472	Ash Black	51.73	USA	29 Jun 2024	CubingUSA Northwest Championship 2024
472	Samuel Baird	51.73	USA	23 Nov 2024	Spanish Fork AM 2024
474	Vlad Hordiienko	51.76	Ukraine	15 Feb 2025	Marble City Cubing IE 2025
475	Preston Schwartz	51.84	USA	2 Nov 2024	Vegas Cubing Cup Fall 2024
476	Emmett O'Leary-Liu	51.86	USA	9 Nov 2024	BASC 66 - Belmont 2024
477	Zak Kenny	51.94	Australia	1 Sep 2024	Please Be Solved Padbury 2024
478	Davide Arnesano	51.98	Italy	29 Dec 2024	Val di NxN 2024
479	Kyle Kayden Hayles	51.99	UK	16 Nov 2024	Kjeller Open 2024
480	Maica Neri Birch Sjøstrand	52.09	Denmark	10 Aug 2024	Festlige Terninger Østervang 2024
480	Luke Selle	52.09	USA	25 Jan 2025	Unorthodox Blocks Wisconsin 2025
482	Danny Morgan	52.2	UK	22 Feb 2025	Hampshire Winter 2025
483	Miles Greco	52.24	USA	31 Aug 2024	Pretzel Mania Summer 2024
484	Bryan B. Conrrado	52.28	USA	23 Nov 2024	Unorthodox Blocks CO 2 2024
485	Kacper Goral	52.44	UK	22 Sep 2024	Wiltshire September 2024
486	Enzo Xuan	52.48	USA	25 Jan 2025	Honolulu Hoʻoilo 2025
487	Alexander Lilley-McCamley	52.72	UK	18 Jan 2025	Chichester January 2025
488	Achim Spies	52.98	Germany	17 Aug 2024	Rhein-Neckar MS 2024
489	Lucas Kuczaj	52.99	Canada	14 Sep 2024	Solved Central Alberta 2024
490	Thomas Heiden	53.05	Austria	27 Jul 2024	WCA European Championship 2024
491	Daniel Ortega Pastor	53.1	Spain	27 Jul 2024	WCA European Championship 2024
492	Fabian Tomasović	53.11	Italy	22 Mar 2025	Anaunian Side Events 2025
493	Logan Maciejewski	53.23	USA	25 Jan 2025	Unorthodox Blocks Wisconsin 2025
494	James Kirschner	53.39	Australia	30 Nov 2024	Sydney Cube-Off Saturday 2024
495	Malte Ihlefeld	53.43	Germany	14 Dec 2024	Rhein-Neckar Winter 2024
496	Isaiah Benedict S. Feria	53.45	Philippines	29 Sep 2024	Ortigas Fair and Squares 2024
497	Deiniol Jenkins	53.61	UK	22 Sep 2024	Wiltshire September 2024
498	Jacob Sherwen Brown	53.65	UK	18 Jan 2025	Chichester January 2025
499	Fabian Lönnkvist	53.73	Sweden	7 Dec 2024	Winter Cubing in Stafsinge 2024
500	Ziyun Wang (王子云)Ziyun Wang	53.96	China	30 Mar 2025	Fudan University Special 2025
501	Magnus Watson	53.97	UK	22 Feb 2025	Hampshire Winter 2025
502	Corbin Rodriguez	53.99	USA	8 Feb 2025	Cubing with Dinosaurs Lehi 2025
503	Sam Spendla	54.04	UK	24 Nov 2024	Lincolnshire Autumn 2024
504	Carson Miller	54.08	USA	16 Mar 2025	OH Weekend of Madness 2025
505	Jeroen Riepma	54.34	Netherlands	17 Nov 2024	Dutch Nationals 2024
506	Lucas Garron	54.39	Germany	27 Jul 2024	WCA European Championship 2024
507	Dmitriy Tupis (Дмитрий Ту́пис)Dmitriy Tupis	54.41	Russia	27 Oct 2024	SPB Brainstorm FTO Edition 2024
508	Micah Yeo	54.47	USA	20 Oct 2024	Davis Fall 2024
509	Jonah Mathew	54.63	USA	8 Dec 2024	Wakefield Winter 2024
510	Simon Kellum	54.77	USA	25 Jan 2025	Unorthodox Blocks Wisconsin 2025
511	Roman Wofford	54.89	USA	1 Feb 2025	Cubing on the Plains Auburn 2025
512	Ming Dao Ting	55.23	Australia	19 Oct 2024	Brisbane Mega Blind 2024
513	Eli Kaufman	55.32	USA	16 Nov 2024	GA Cubers Go Bananas 2024
514	Pedro Azevedo	55.42	Portugal	21 Dec 2024	Cubes 'n Tides in Caparica 2024
515	Jude Stradtner	55.53	USA	24 Aug 2024	Back to School Colorado 2024
515	Alex Walker	55.53	USA	13 Oct 2024	Colorado Championship 2024
517	Thea Herborn	55.54	Denmark	26 Oct 2024	Oct-ober-ahedron i Hvidovre 2024
518	Ibraaheem Bin Muhammad Nurhalim	55.72	Singapore	1 Jan 2025	A New Year in Singapore 2025
519	Víctor Adán Solis Martinez	55.78	Mexico	19 Oct 2024	Speedcube Baja Open 2024
520	Łukasz Burliga	55.8	Poland	27 Jul 2024	WCA European Championship 2024
521	Javonn King	55.91	USA	29 Nov 2024	Spanish Championship 2024
522	Johannes Djupedal Power	56.03	Norway	16 Nov 2024	Kjeller Open 2024
523	Kenji Gipson-Nahman	56.16	USA	20 Oct 2024	Davis Fall 2024
524	Zijia Feng (冯子甲)Zijia Feng	56.3	China	15 Dec 2024	Shinyuri Cubing Room #26 2024
525	Luke Meszar	56.42	USA	15 Feb 2025	Pittsburgh Winter 2025
526	Mirko Petrovic	56.59	Canada	14 Sep 2024	Solved Central Alberta 2024
527	Dan Tran	56.72	USA	2 Nov 2024	Vegas Cubing Cup Fall 2024
528	Sullivan Contray	56.73	USA	22 Feb 2025	PA-retzel Mania Winter 2025
529	Víctor Martín Sola	56.77	Spain	29 Nov 2024	Spanish Championship 2024
530	Lorenzo Escobar Kraskouskaya	56.8	Spain	29 Nov 2024	Spanish Championship 2024
531	Tom Vosper	56.89	UK	22 Feb 2025	Hampshire Winter 2025
532	Conor Smith	57.03	Ireland	30 Nov 2024	Don't Fail Kinsale 2024
533	Cristhian Damián Fernández Pineda	57.04	Colombia	8 Feb 2025	Copa Pyraminx Bogotá 2025
534	Giovanni Pische	57.24	Italy	27 Jul 2024	WCA European Championship 2024
535	Marco Criado Gómez	57.26	Spain	29 Nov 2024	Spanish Championship 2024
536	Aaron Cabrera	57.31	USA	31 Aug 2024	Pretzel Mania Summer 2024
537	Anatolii Turenko (Анатолий Туренко)Anatolii Turenko	57.41	Russia	1 Sep 2024	Meetup in Moscow #68 2024
538	Connor J. Delacruz	57.45	USA	2 Nov 2024	Vegas Cubing Cup Fall 2024
539	Currin Wilson	57.49	USA	18 Jul 2024	NAC 2024
540	Katharina Schlomberg	57.63	Germany	17 Aug 2024	Rhein-Neckar MS 2024
541	Ibai Tobar Argaiz	57.76	Spain	29 Nov 2024	Spanish Championship 2024
542	Martin Reinisch	57.81	Germany	14 Dec 2024	Rhein-Neckar Winter 2024
543	Leia Jiang	58	USA	15 Feb 2025	Pittsburgh Winter 2025
544	Kiary Roque Russo	58.1	Angola	21 Dec 2024	Cubes 'n Tides in Caparica 2024
545	Connor Weed	58.24	USA	12 Oct 2024	Mid-Atlantic Championship 2024
545	Sam Williams	58.24	UK	18 Jan 2025	Chichester January 2025
547	Beau Brittain-Modesto	58.25	Australia	8 Mar 2025	Johnsonville FTOpen 2025
548	Alvin Cheng Hiu Yeung (鄭曉洋)Alvin Cheng Hiu Yeung	58.37	Hong Kong	2 Nov 2024	Newmarket Side Events 2024
549	Brendan Bakker	58.44	USA	8 Feb 2025	Cubing with Dinosaurs Lehi 2025
550	Noah Wakefield	58.52	USA	13 Oct 2024	Colorado Championship 2024
551	Roxana Johnson	58.58	USA	16 Nov 2024	GA Cubers Go Bananas 2024
552	Maarten Goossens	58.6	Netherlands	8 Feb 2025	Copa Pyraminx Bogotá 2025
553	TJ Kelly	58.74	USA	25 Jan 2025	Honolulu Hoʻoilo 2025
554	Oskar Hanuszkiewicz	58.87	Poland	30 Nov 2024	Back To Białystok 2024
554	Deni Mintsaev	58.87	Russia	14 Dec 2024	Rhein-Neckar Winter 2024
556	Hiroyuki Iriyama	58.96	Philippines	1 Sep 2024	Valenzuela Sides Challenge 2024
556	Oscar Green	58.96	Ireland	30 Nov 2024	Don't Fail Kinsale 2024
558	Zachary Miller	59	USA	8 Dec 2024	Wakefield Winter 2024
559	Chrisgel G. Tubianosa	59.01	Philippines	29 Sep 2024	Fast Turns Only in Cebu 2024
560	Oliver Lampard	59.06	UK	18 Jan 2025	Chichester January 2025
561	Jacob Nokes	59.25	USA	24 Aug 2024	Back to School Colorado 2024
562	Zekiel Wong	59.76	USA	8 Feb 2025	Cubing with Dinosaurs Lehi 2025
563	Alex Cohen	1:00.08	USA	2 Nov 2024	Skowhegan Spookfest 2024
564	Daniel Cano Salgado	1:00.36	Colombia	19 Aug 2024	Outlet de las Américas 2024
565	Fynn Lighthouse	1:00.49	USA	24 Aug 2024	Back to School Colorado 2024
566	Azael Toysehua	1:00.75	Mexico	19 Oct 2024	Speedcube Baja Open 2024
567	Carrie White	1:00.86	USA	22 Sep 2024	Wiltshire September 2024
568	John Paul Custodio	1:00.90	Philippines	21 Sep 2024	Minx It Up in Pasig 2024
569	Doug Li	1:01.22	USA	18 Aug 2024	Grand Rapids Cubes 2024
570	Jayden Kvernmo	1:01.28	USA	25 Jan 2025	Unorthodox Blocks Wisconsin 2025
571	Benjamin Lloyd	1:01.36	USA	8 Feb 2025	Cubing with Dinosaurs Lehi 2025
572	Chawanwit Chatphithakkun (ชวัลวิชญ์ ฉัตรพิทักษ์กุล)Chawanwit Chatphithakkun	1:01.46	Thailand	18 Jan 2025	Bangkok Cube Festival 2025
573	William Carey	1:01.56	Ireland	15 Feb 2025	Marble City Cubing IE 2025
574	Jonathan Karniala Lehmann	1:01.57	Denmark	26 Oct 2024	Oct-ober-ahedron i Hvidovre 2024
575	Todd Goodwin	1:01.65	USA	1 Feb 2025	Cubing on the Plains Auburn 2025
576	Yili Yi	1:01.69	USA	22 Feb 2025	PA-retzel Mania Winter 2025
577	Ot Caminals Aleu	1:01.81	Spain	27 Jul 2024	WCA European Championship 2024
578	Walter Redd	1:01.84	USA	23 Nov 2024	Spanish Fork AM 2024
579	Nate Garthon	1:02.00	Australia	30 Nov 2024	Sydney Cube-Off Saturday 2024
579	Yusuke Kosaka (髙阪優輔)Yusuke Kosaka	1:02.00	Japan	16 Mar 2025	Shinyuri Cubing Room #29 2025
581	Marcos Plaza Nocito	1:02.18	Spain	29 Nov 2024	Spanish Championship 2024
582	Artur Udatsnoi	1:02.34	Estonia	29 Nov 2024	Spanish Championship 2024
583	Nuria Soria García	1:02.35	Spain	14 Sep 2024	Tercer Aldeilla 2024
584	Walter Lee Wilson	1:02.39	USA	14 Sep 2024	Oregon Championship 2024
585	Koh Zi Yi	1:02.50	Singapore	1 Sep 2024	Singapore Masters 2024
586	Alex Rosado Saez de Langarica	1:02.56	Spain	29 Nov 2024	Spanish Championship 2024
587	Noah Kraft	1:02.72	Germany	14 Dec 2024	Rhein-Neckar Winter 2024
588	Daniel Gilbert	1:02.87	USA	1 Feb 2025	Cubing on the Plains Auburn 2025
589	Aria Querubin	1:03.14	USA	20 Oct 2024	Davis Fall 2024
590	Gavin Gruppuso	1:03.15	USA	22 Feb 2025	PA-retzel Mania Winter 2025
591	Eric Dodson	1:03.31	USA	15 Feb 2025	Lex Mini V 2025
592	Michael Stocker	1:03.51	Germany	23 Nov 2024	FMC Europe (SHA) 2024
593	Fabian Rafael Castillo Zabaleta	1:04.08	Bolivia	19 Jan 2025	Jisk'a Cubing 2025
594	Victor Kiziukiewicz	1:04.09	Poland	16 Nov 2024	Olsztyn Squared 2024
595	Daniel Evans	1:04.11	UK	19 Oct 2024	Hampshire Autumn 2024
596	Quirin Mágori	1:04.18	Germany	14 Dec 2024	Rhein-Neckar Winter 2024
597	Jonas Balsfulland	1:04.23	Germany	17 Aug 2024	Rhein-Neckar MS 2024
598	Ángel Leonardo Sandoval Guzmán	1:04.35	Mexico	22 Mar 2025	Quedada en Tepic #3 2025
599	Thor Muto Asmund	1:04.52	Denmark	29 Mar 2025	Dåstrup Diverse 2025
600	Aleksandr Hrenov	1:04.53	Russia	27 Oct 2024	SPB Brainstorm FTO Edition 2024
601	Gilbert Birchall	1:04.58	UK	18 Jan 2025	Chichester January 2025
602	Kinshuk Adokar	1:04.94	USA	8 Feb 2025	Cubing with Dinosaurs Lehi 2025
603	Myrthe ten Pas	1:05.05	Netherlands	17 Nov 2024	Dutch Nationals 2024
604	Ricardo Olea Catalán	1:05.28	Germany	17 Aug 2024	Rhein-Neckar MS 2024
605	Fred Johnson	1:05.49	USA	1 Feb 2025	Cubing on the Plains Auburn 2025
606	Tor Torstensson	1:05.57	Sweden	7 Dec 2024	Winter Cubing in Stafsinge 2024
607	Azaro Gorloo	1:05.89	Canada	14 Sep 2024	Solved Central Alberta 2024
608	Oliver Sweeney	1:06.48	Ireland	15 Feb 2025	Marble City Cubing IE 2025
609	Diego David Ramos Sanchez	1:06.66	Colombia	14 Dec 2024	Bogotá No Duerme 2024
610	Eames Nay	1:06.67	USA	8 Feb 2025	Cubing with Dinosaurs Lehi 2025
611	Martin Bygdell	1:06.72	Sweden	7 Dec 2024	Winter Cubing in Stafsinge 2024
612	Paige Lovell	1:06.97	UK	18 Jan 2025	Chichester January 2025
613	Deng Zhengping	1:07.25	Singapore	1 Sep 2024	Singapore Masters 2024
614	Daniel Vædele Egdal	1:07.52	Denmark	26 Oct 2024	Oct-ober-ahedron i Hvidovre 2024
615	David Roessle	1:08.17	Germany	14 Dec 2024	Rhein-Neckar Winter 2024
616	Takeru Victor Muto Asmund	1:08.33	Denmark	29 Mar 2025	Dåstrup Diverse 2025
617	Young He (何嘉炀)Young He	1:08.40	China	9 Nov 2024	BASC 66 - Belmont 2024
618	Takumi Kato (加藤匠)Takumi Kato	1:08.42	Japan	18 Jan 2025	Shinyuri Cubing Room #27 2025
619	Leonardo Moisés Santamaria Reyes	1:08.69	Mexico	28 Sep 2024	Niños Héroes Jalisco 2024
620	Samuel Edwards	1:08.72	Canada	14 Sep 2024	Solved Central Alberta 2024
621	Sasha Al-nouri	1:08.82	Canada	14 Dec 2024	Rhein-Neckar Winter 2024
622	Ke Wang (王轲)Ke Wang	1:08.98	China	23 Nov 2024	Chengdu Side Events Day 2024
623	David Knack	1:09.71	Germany	23 Nov 2024	FMC Europe (SHA) 2024
624	Koh Zi Qian	1:09.73	Singapore	1 Sep 2024	Singapore Masters 2024
625	Milo Jacquet	1:10.01	USA	9 Nov 2024	BASC 66 - Belmont 2024
626	Callum FitzGerald	1:10.24	USA	30 Dec 2024	FMC Ya Dublin OH 2024
627	Rubén López de Juan	1:10.51	Spain	27 Jul 2024	WCA European Championship 2024
628	Arthur Provot	1:10.63	France	27 Jul 2024	WCA European Championship 2024
629	Mauricio Lomelí	1:10.74	Mexico	28 Sep 2024	Niños Héroes Jalisco 2024
630	Eddie Artze	1:10.92	USA	25 Jan 2025	Charlotte Winter 2025
631	Cache Adams	1:11.19	Canada	14 Sep 2024	Solved Central Alberta 2024
632	Alison Meador	1:11.23	USA	27 Jul 2023	CubingUSA Nationals 2023
633	Zalman Grossbaum	1:11.24	USA	20 Oct 2024	Davis Fall 2024
634	Lukas Evanger	1:11.42	Norway	16 Feb 2025	Sandnes Winter 2025
635	Lucas Stambaugh	1:12.11	USA	18 Jul 2024	NAC 2024
636	Daniel Isaac Garcia Arechiga	1:12.31	Mexico	19 Oct 2024	Speedcube Baja Open 2024
637	Jayden Mitchell	1:12.48	USA	19 Oct 2024	Bellingham Fall 2024
638	Allan Utbult	1:12.57	Sweden	7 Dec 2024	Winter Cubing in Stafsinge 2024
639	Edward Carew-Jones	1:12.75	UK	22 Sep 2024	Wiltshire September 2024
640	Ryan Pilat	1:12.77	USA	28 Nov 2021	CubingUSA Western Championship 2021
641	Zak Couch	1:13.01	USA	2 Nov 2024	Vegas Cubing Cup Fall 2024
642	David Brady	1:13.04	USA	23 Nov 2024	Unorthodox Blocks CO 2 2024
643	Joshua Bumstead	1:13.11	Australia	1 Sep 2024	Please Be Solved Padbury 2024
644	Benjamin Franklin	1:13.15	USA	25 Jan 2025	Unorthodox Blocks Wisconsin 2025
645	Wilson Li	1:13.34	USA	8 Sep 2024	Bay Area Speedcubin' 64 LIVE - SSF 2024
646	Jason James Brunson	1:13.39	USA	23 Nov 2024	Spanish Fork AM 2024
647	Phoenix Stevens	1:13.96	UK	22 Feb 2025	Hampshire Winter 2025
648	Julian Sico	1:14.09	New Zealand	8 Mar 2025	Johnsonville FTOpen 2025
649	Chris Wright	1:14.20	UK	22 Sep 2024	Wiltshire September 2024
650	Raymond Goslow	1:14.29	USA	1 Feb 2025	Cubing on the Plains Auburn 2025
651	Adam Cundiff	1:14.54	USA	16 Mar 2025	OH Weekend of Madness 2025
652	YiFei Chen	1:14.72	Canada	17 Nov 2024	Ottawa Big Cubes 2024
653	Elika Kainoa	1:14.90	USA	14 Sep 2024	Oregon Championship 2024
654	Maxim Pürstinger	1:15.13	Austria	27 Jul 2024	WCA European Championship 2024
655	Brandon Villadolid	1:15.25	USA	18 Jul 2024	NAC 2024
656	Lucas Cordeiro do Vale Menezes	1:15.61	Brazil	12 Oct 2024	Skewbeleza Fortaleza II 2024
657	Emma Pintat	1:16.16	UK	22 Feb 2025	Hampshire Winter 2025
658	Owen Felkey	1:16.37	USA	23 Nov 2024	Unorthodox Blocks CO 2 2024
658	Laura Ting	1:16.37	Australia	19 Oct 2024	Brisbane Mega Blind 2024
660	Teodor Senneset Heggøy	1:16.40	Norway	16 Nov 2024	Kjeller Open 2024
661	Preston Hoing	1:16.74	USA	23 Nov 2024	Unorthodox Blocks CO 2 2024
662	Kasper Warberg Borg	1:17.09	Denmark	26 Oct 2024	Oct-ober-ahedron i Hvidovre 2024
663	Zachary Bryant	1:17.15	UK	19 Oct 2024	Hampshire Autumn 2024
664	Blue James	1:17.22	UK	22 Feb 2025	Hampshire Winter 2025
665	CJ Brooke	1:17.27	UK	27 Jul 2024	WCA European Championship 2024
666	Drew Duong	1:17.59	USA	12 Oct 2024	Mid-Atlantic Championship 2024
667	CJ Sheng	1:17.79	USA	1 Jan 2022	Windy City New Year 2022
668	Anael Champion	1:17.99	France	27 Jul 2024	WCA European Championship 2024
669	Pedro Josue Chambi Ventura	1:18.08	Bolivia	19 Jan 2025	Jisk'a Cubing 2025
669	Quinn Anderson	1:18.08	USA	12 Oct 2024	Mid-Atlantic Championship 2024
671	Zachary Barrus	1:18.12	USA	11 Nov 2023	Utah Championship 2023
672	Abhijeet Ghodgaonkar	1:18.34	India	4 Aug 2024	Mumbai City Cube Open 2024
673	Leonardo López Cianca	1:18.39	Mexico	24 Nov 2024	DNFeandon't Guadalajara 2024
674	Peter Vu	1:18.89	Australia	21 Sep 2024	Slow Down Adelaide 2024
675	Noah Kaiel Maingué	1:19.19	Brazil	18 Jan 2025	Golden Square Shopping 2025
676	Jack Pfeifer	1:19.48	USA	16 Mar 2025	OH Weekend of Madness 2025
677	Adam Black	1:19.52	UK	27 Jul 2024	WCA European Championship 2024
678	Thomas Sonnenberg Jarner	1:19.57	Denmark	26 Oct 2024	Oct-ober-ahedron i Hvidovre 2024
679	Keenan Darkins	1:19.58	USA	25 Oct 2024	Ohio State Exhibition 2024
680	Joseph Burnett	1:19.59	Australia	30 Nov 2024	Sydney Cube-Off Saturday 2024
681	Inês Picado	1:19.65	Portugal	21 Dec 2024	Cubes 'n Tides in Caparica 2024
682	Dylan Govic	1:19.72	USA	27 Jul 2024	WCA European Championship 2024
683	Fabián Villavicencio	1:19.80	Venezuela	13 Dec 2024	Good Ending Cubing Caracas 2024
684	Chinnakrit Chittanant (ชินกฤต ชิตตนันท์)Chinnakrit Chittanant	1:19.94	Thailand	18 Jan 2025	Bangkok Cube Festival 2025
685	Zachary Pollock	1:20.01	USA	18 Aug 2024	Grand Rapids Cubes 2024
686	Tommy Stady	1:20.06	USA	25 Jan 2025	Unorthodox Blocks Wisconsin 2025
687	Luke Satko	1:20.54	USA	16 Mar 2024	Don't Turn SLOw Spring 2024
688	Glyn Brown	1:20.70	UK	18 Jan 2025	Chichester January 2025
689	Mezon Gurung	1:21.04	UK	22 Sep 2024	Wiltshire September 2024
690	Tennessee Jamison	1:21.08	USA	2 Nov 2024	Appalachian Highlands TN 2024
691	Austin Reed	1:21.24	USA	2 Sep 2023	Pretzel Mania Summer 2023
692	Thomas Rond	1:21.48	USA	9 Nov 2024	BASC 66 - Belmont 2024
693	Abel Martínez Salas	1:21.92	Spain	19 Oct 2024	Bullas Open 2024
694	João Marcos Rocha Souza	1:21.95	Brazil	12 Oct 2024	Skewbeleza Fortaleza II 2024
694	Zachary Kornbluth	1:21.95	USA	25 Jan 2025	Unorthodox Blocks Wisconsin 2025
696	Simon Dimpker	1:22.21	Germany	17 Aug 2024	Rhein-Neckar MS 2024
697	Stijn de Gooijer	1:22.56	Netherlands	17 Nov 2024	Dutch Nationals 2024
698	Jelte van der Graaff	1:22.68	Netherlands	17 Nov 2024	Dutch Nationals 2024
699	John Du	1:22.97	Canada	17 Nov 2024	Ottawa Big Cubes 2024
700	Riley Wicks	1:23.59	New Zealand	9 Nov 2024	Kubing in Kapiti 2024
701	Asia Konvittayayotin (เอเชีย กรวิทยโยธิน)Asia Konvittayayotin	1:23.71	Thailand	9 Mar 2025	Latkrabang Speed Meetup 2025
702	Elijah Barkan	1:24.26	USA	31 Aug 2024	Pretzel Mania Summer 2024
703	Manuel Tiago Teixeira Paciência	1:25.08	Portugal	21 Dec 2024	Cubes 'n Tides in Caparica 2024
704	Nice Yoshida (吉田名偉主)Nice Yoshida	1:25.30	Japan	16 Mar 2025	Shinyuri Cubing Room #29 2025
705	Kaweewat Jiraphatwong	1:25.67	Thailand	18 Jan 2025	Bangkok Cube Festival 2025
706	Harry Wilson	1:25.90	UK	18 Jan 2025	Chichester January 2025
707	Anouk Korteweg	1:26.51	Netherlands	17 Nov 2024	Dutch Nationals 2024
708	Viljo Elo	1:26.82	Finland	27 Jul 2024	WCA European Championship 2024
709	Itthikorn Jittaveeroj (อิทธิกร จิตทวีโรจน์)Itthikorn Jittaveeroj	1:27.09	Thailand	18 Jan 2025	Bangkok Cube Festival 2025
710	Will Gray	1:27.14	USA	8 Dec 2024	Wakefield Winter 2024
711	Isabela Lopes de Azevedo	1:27.21	Brazil	12 Oct 2024	Skewbeleza Fortaleza II 2024
712	Joe Petrash	1:27.23	Canada	9 Aug 2024	Ontario Championship 2024
713	Evan Wilson	1:27.36	USA	13 Oct 2024	Colorado Championship 2024
714	Luis Gabriel Magadia	1:27.74	Philippines	24 Nov 2024	Please Be Quiet Luzon 2024
715	Luke Ripperger	1:27.86	USA	24 Aug 2024	Back to School Colorado 2024
716	Justin Lee	1:27.98	USA	8 Dec 2024	Wakefield Winter 2024
716	Thomas Allinson	1:27.98	UK	24 Nov 2024	Lincolnshire Autumn 2024
718	Makar Tihonov	1:28.09	Russia	27 Oct 2024	SPB Brainstorm FTO Edition 2024
719	Ramil Pliansinchai (รามิล เปลี่ยนสินไชย)Ramil Pliansinchai	1:28.25	Thailand	18 Jan 2025	Bangkok Cube Festival 2025
720	Quinn Morrison	1:28.43	USA	1 Feb 2025	Cubing on the Plains Auburn 2025
721	Ivan Krueger	1:29.02	USA	16 Mar 2024	Ohio State Weekend of Madness 2024
722	Kaleb Kidney	1:29.21	USA	14 Sep 2024	Oregon Championship 2024
723	Eduardo Antonio Lara Martínez	1:29.58	Mexico	19 Oct 2024	Speedcube Baja Open 2024
724	Abdel Issa	1:29.86	Jordan	14 Sep 2024	Oregon Championship 2024
725	Ben Lyons	1:30.71	Ireland	15 Feb 2025	Marble City Cubing IE 2025
726	Ethan Basanov	1:30.74	Canada	14 Sep 2024	Solved Central Alberta 2024
727	Dereck Samuel Marin Suarez	1:30.77	Colombia	8 Feb 2025	Copa Pyraminx Bogotá 2025
728	Samarth Jaiswal	1:31.34	India	4 Aug 2024	Mumbai City Cube Open 2024
729	Kazimir Justin Falkowski	1:31.44	USA	31 Aug 2024	Pretzel Mania Summer 2024
730	Daniel Marzo Bobadilla	1:32.17	Spain	29 Nov 2024	Spanish Championship 2024
731	Iñigo Escolar Maícas	1:33.14	Spain	29 Nov 2024	Spanish Championship 2024
732	Toms Edvards Vucens	1:33.16	Latvia	26 Jan 2025	Ropaži Winter 2025
733	Roland Frisch	1:33.17	Germany	14 Dec 2024	Rhein-Neckar Winter 2024
734	Vladislav Zatolokin (Владислав Затолокин)Vladislav Zatolokin	1:33.43	Russia	21 Dec 2024	Ivanovo Cuber Cup 2024
735	Nathaniel Bryson	1:33.46	USA	22 Feb 2025	PA-retzel Mania Winter 2025
736	Lin Hong Dong Yang	1:33.75	China	15 Feb 2025	Cube n' Chill in Chiang Mai 2025
736	Reuben Ingram	1:33.75	UK	22 Sep 2024	Wiltshire September 2024
738	Coleton Pleiss	1:34.65	USA	18 Jul 2024	NAC 2024
739	Yuki Sako	1:34.66	Japan	15 Feb 2025	Shinyuri Cubing Room #28 2025
740	Clair Schmidt	1:35.13	USA	16 Mar 2024	Ohio State Weekend of Madness 2024
740	Daniel Strzelecki	1:35.13	Ireland	15 Feb 2025	Marble City Cubing IE 2025
742	Simon Hagon	1:35.27	UK	24 Nov 2024	Lincolnshire Autumn 2024
743	Ziyu Ye (叶梓渝)Ziyu Ye	1:35.40	China	23 Nov 2024	Chengdu Side Events Day 2024
744	Prince Zoei Erin C. Principe	1:35.56	Philippines	29 Dec 2024	CaMaNaVa Year-End Blast 2024
745	Jacques Laurent	1:35.74	France	30 Nov 2024	Don't Fail Kinsale 2024
746	Benton Tolley	1:35.92	USA	15 Sep 2024	Lexing-not-a-ton of NxNs 2024
747	Mitchell Anderson	1:36.12	Australia	19 Oct 2024	Brisbane Mega Blind 2024
748	Andreas Nessan	1:36.68	Norway	16 Nov 2024	Kjeller Open 2024
749	Sree Dacharla	1:36.86	India	2 Nov 2024	Vegas Cubing Cup Fall 2024
750	Lucía González Garcia-Moya	1:37.12	Spain	29 Nov 2024	Spanish Championship 2024
751	Maciej Spirydowicz	1:37.17	Poland	11 Aug 2024	Norwegian Championship 2024
752	Bram de Boer	1:37.19	Netherlands	17 Nov 2024	Dutch Nationals 2024
752	Ida Exner	1:37.19	Denmark	10 Aug 2024	Festlige Terninger Østervang 2024
754	William Bogdanovic	1:37.29	Sweden	7 Dec 2024	Winter Cubing in Stafsinge 2024
755	Jonah Pace	1:37.31	USA	8 Feb 2025	Cubing with Dinosaurs Lehi 2025
756	Zakaria Mirre	1:37.53	USA	18 Jul 2024	NAC 2024
757	Thomas Cabezas Casallas	1:37.85	Colombia	22 Mar 2025	Cubolimpiadas Aves María 2025
758	Peter Taylor	1:37.86	Ireland	30 Nov 2024	Don't Fail Kinsale 2024
759	Brendan Robinson	1:38.11	USA	8 Feb 2025	Cubing with Dinosaurs Lehi 2025
760	Lee Crowe	1:38.32	USA	2 Nov 2024	Appalachian Highlands TN 2024
761	Lucas Rogers	1:38.35	USA	2 Nov 2024	Colonial Cube Clash VA 2024
762	Queen-Isis Frost	1:39.55	USA	12 Oct 2024	Mid-Atlantic Championship 2024
763	Alessio Lucien Israel Jimenez-Lendo	1:39.78	USA	23 Nov 2024	Spanish Fork AM 2024
764	Daniyal Weitzman	1:39.93	USA	12 Oct 2024	Mid-Atlantic Championship 2024
765	Konstantin Jaehne	1:40.72	Germany	27 Jul 2024	WCA European Championship 2024
765	Gustaw Rejent	1:40.72	Poland	24 Aug 2024	Dębica Cubing Summer 2024
767	Tate Weicher	1:40.75	USA	12 Oct 2024	Mid-Atlantic Championship 2024
768	Lev Yakimenko	1:41.63	Russia	27 Oct 2024	SPB Brainstorm FTO Edition 2024
769	Filip Åström	1:41.71	Sweden	10 Aug 2024	Festlige Terninger Østervang 2024
770	Chris Martin	1:41.77	USA	25 Jan 2025	Honolulu Hoʻoilo 2025
771	Adamo Sabbadin	1:41.95	Switzerland	22 Feb 2025	RNFP 2025
772	Dominic Shoji	1:42.21	USA	2 Nov 2024	Vegas Cubing Cup Fall 2024
773	Gabriel Vasconcellos Zavrisko dos Santos	1:42.54	Brazil	18 Jan 2025	Golden Square Shopping 2025
774	Shane Carlisle	1:42.78	USA	25 Oct 2024	Ohio State Exhibition 2024
775	Brandon Buchalter	1:42.90	USA	3 Apr 2022	GA Cubers Big Goobers 2022
776	Rowan Lighthouse	1:42.97	USA	24 Aug 2024	Back to School Colorado 2024
777	Jackson Nelson	1:43.14	USA	25 Jan 2025	Unorthodox Blocks Wisconsin 2025
778	Connor McIlroy	1:44.29	UK	18 Jan 2025	Chichester January 2025
779	Pedro Lima Fernandes	1:44.45	Brazil	18 Jan 2025	Golden Square Shopping 2025
780	Emily Marshall	1:44.89	UK	27 Jul 2024	WCA European Championship 2024
781	Jacob Keener	1:45.11	USA	3 Apr 2022	GA Cubers Big Goobers 2022
782	Rich Tayag	1:45.26	USA	31 Aug 2024	Pretzel Mania Summer 2024
783	Luke Steele	1:45.39	New Zealand	8 Mar 2025	Johnsonville FTOpen 2025
784	Nathan Smith	1:45.58	USA	16 Nov 2024	GA Cubers Go Bananas 2024
785	Santiago Rodríguez Cubides	1:45.62	Colombia	19 Oct 2024	Plaza Imperial Bogotá 2024
786	Shane Grogan	1:45.70	USA	2 Nov 2024	Vegas Cubing Cup Fall 2024
787	Shaun Wiggins	1:45.76	USA	2 Sep 2023	Pretzel Mania Summer 2023
788	Benjamin Knutsen	1:45.80	USA	23 Feb 2025	Bay Area Side Events Day 2025
789	Prince Zian Erik C. Principe	1:45.86	Philippines	29 Dec 2024	CaMaNaVa Year-End Blast 2024
790	Ricardo Alberto Hurtado Torres	1:46.15	Colombia	19 Aug 2024	Outlet de las Américas 2024
791	JZ Lyle Dexter Wamar	1:46.37	Philippines	29 Sep 2024	Ortigas Fair and Squares 2024
792	Vincenzo Forchi	1:46.58	Italy	14 Dec 2024	Rhein-Neckar Winter 2024
793	Thomas Carr	1:46.89	UK	22 Sep 2024	Wiltshire September 2024
794	Leo Johansson	1:47.11	Sweden	27 Jul 2024	WCA European Championship 2024
795	Ivanko Vyshnevskyi	1:47.27	Ukraine	14 Dec 2024	Rhein-Neckar Winter 2024
796	Ben Ridley	1:47.29	UK	22 Sep 2024	Wiltshire September 2024
797	Vicente Iglesias Rodríguez	1:47.83	Spain	29 Nov 2024	Spanish Championship 2024
798	Elijah Slater	1:48.00	USA	25 Jan 2025	Charlotte Winter 2025
799	Benjamin Abbott	1:48.76	Canada	17 Nov 2024	Ottawa Big Cubes 2024
800	William Slatter	1:49.33	UK	22 Sep 2024	Wiltshire September 2024
801	Alex Aguayo	1:49.83	USA	13 Oct 2024	Colorado Championship 2024
802	Chenrui Qiu (邱辰睿)Chenrui Qiu	1:50.01	China	1 Oct 2024	UESTC Campus Cube Open 2024
803	Tommy Szeliga	1:50.51	USA	8 Dec 2024	Wakefield Winter 2024
804	Fabio Bini Graciose	1:50.72	Brazil	18 Jan 2025	Golden Square Shopping 2025
805	Sam McGough	1:50.93	USA	19 Oct 2024	Bellingham Fall 2024
806	Lieuwe Molle	1:51.89	Netherlands	17 Nov 2024	Dutch Nationals 2024
807	Trevin Durfee	1:53.38	USA	21 Jun 2024	CubingUSA Rocky Mountain Championship 2024
808	Aleksandra Lukianova (Александра Лукьянова)Aleksandra Lukianova	1:53.40	Russia	27 Oct 2024	SPB Brainstorm FTO Edition 2024
809	Anja Strydom	1:54.88	South Africa	17 Nov 2024	Dutch Nationals 2024
810	Xinyu Wang (王欣宇)Xinyu Wang	1:54.95	China	12 Jan 2025	Nanchang New Year 2025
811	Justin Rhee	1:55.64	USA	18 Jul 2024	NAC 2024
812	Taylor Schannon	1:55.72	USA	9 Nov 2024	BASC 66 - Belmont 2024
812	Ezra Carlinsky	1:55.72	USA	23 Feb 2025	Bay Area Side Events Day 2025
814	Thomas Schukraft	1:57.33	Germany	23 Nov 2024	FMC Europe (SHA) 2024
815	Toby Seufert	1:58.92	Australia	27 Jul 2024	WCA European Championship 2024
816	Kajetan Kwiatkowski	1:59.52	Poland	25 Jan 2025	Piła Open 2025
817	Elizabeth Cutting	1:59.98	USA	22 Jul 2023	Unorthodox Blocks Colorado 2023
818	Kristina Lim	2:00.20	USA	23 Nov 2024	Unorthodox Blocks CO 2 2024
819	Luke Daniel Savage	2:00.50	Ireland	30 Nov 2024	Don't Fail Kinsale 2024
820	Benjamin John McConkie	2:01.55	USA	8 Feb 2025	Cubing with Dinosaurs Lehi 2025
821	Jakob Lorenz	2:01.73	Germany	14 Dec 2024	Rhein-Neckar Winter 2024
822	Aidan Penunuri	2:01.92	USA	8 Feb 2025	Cubing with Dinosaurs Lehi 2025
823	Antoine Villemaire	2:02.91	Canada	17 Nov 2024	Ottawa Big Cubes 2024
824	Joshua Mumby	2:03.37	Canada	14 Sep 2024	Solved Central Alberta 2024
825	Austin McDonald	2:03.56	USA	25 Jan 2025	Charlotte Winter 2025
826	Clara Joy Litman	2:04.65	USA	30 Dec 2024	FMC Ya Dublin OH 2024
827	Hugo Mellaart	2:05.45	Netherlands	17 Nov 2024	Dutch Nationals 2024
828	Andrey Zhukov	2:05.66	Russia	21 Dec 2024	Ivanovo Cuber Cup 2024
829	Callan Gilchrist	2:06.51	USA	31 Aug 2024	Pretzel Mania Summer 2024
830	Layne VanSiegel	2:06.72	USA	20 Oct 2023	CubingUSA Great Lakes Championship 2023
831	Yianni Lagadinos	2:06.93	USA	15 Feb 2025	Pittsburgh Winter 2025
832	Matthew Pittsford	2:07.04	USA	29 Jun 2024	CubingUSA Northwest Championship 2024
833	Wout van der Meer	2:07.40	Netherlands	17 Nov 2024	Dutch Nationals 2024
834	Alex Lehman	2:07.41	USA	20 Oct 2024	Davis Fall 2024
835	Jaye Sloan	2:07.51	UK	27 Jul 2024	WCA European Championship 2024
836	Gabriel Frahm	2:08.51	USA	31 Aug 2024	Pretzel Mania Summer 2024
837	Toby Hogenhorst	2:08.84	Netherlands	17 Nov 2024	Dutch Nationals 2024
838	Quinn Lawson	2:09.22	USA	18 Jul 2024	NAC 2024
839	Nina Galvani-Vonnet	2:10.65	France	16 Feb 2025	Sandnes Winter 2025
840	Lucas Kordov	2:10.89	Canada	14 Sep 2024	Solved Central Alberta 2024
841	Benjamín Bermúdez Vélez	2:11.12	Colombia	22 Mar 2025	Cubolimpiadas Aves María 2025
842	Jason Hammerman	2:11.67	USA	13 Oct 2024	Colorado Championship 2024
843	Max Ulan	2:12.19	Canada	14 Sep 2024	Solved Central Alberta 2024
844	Laura Dawidiak	2:12.49	Sweden	27 Jul 2024	WCA European Championship 2024
845	Maria Alfacinha da Costa	2:12.55	Portugal	21 Dec 2024	Cubes 'n Tides in Caparica 2024
846	Tegan Hill	2:12.64	UK	22 Feb 2025	Hampshire Winter 2025
847	Jack Stephen Handrich	2:12.91	USA	25 Jan 2025	Unorthodox Blocks Wisconsin 2025
848	James Quinn	2:12.95	USA	2 Apr 2022	Ohio State Expo Open 2022
849	Theo Masahiro Hirano	2:13.20	USA	25 Jan 2025	Honolulu Hoʻoilo 2025
850	Eris McElroy	2:14.83	Canada	17 Nov 2024	Ottawa Big Cubes 2024
851	Kai Routhier	2:15.33	USA	15 Sep 2024	Lexing-not-a-ton of NxNs 2024
852	Óscar Gervasini Lois	2:15.51	Spain	27 Jul 2024	WCA European Championship 2024
853	Abigail Dixon	2:16.99	New Zealand	9 Nov 2024	Kubing in Kapiti 2024
854	Pol Jiménez Asunción	2:17.64	Spain	27 Jul 2024	WCA European Championship 2024
855	Rory Pappas	2:17.72	Ireland	15 Feb 2025	Marble City Cubing IE 2025
856	Kseniya Varfolomeeva	2:18.12	Russia	27 Oct 2024	SPB Brainstorm FTO Edition 2024
857	Oscar Holzman-White	2:18.89	USA	8 Sep 2024	Bay Area Speedcubin' 64 LIVE - SSF 2024
858	Spencer Fraser	2:19.24	Canada	19 Oct 2024	Bellingham Fall 2024
859	Leif Anvik	2:19.51	Canada	14 Sep 2024	Solved Central Alberta 2024
860	Zachary Doblas	2:20.74	New Zealand	9 Nov 2024	Kubing in Kapiti 2024
861	Isaac Marks	2:20.94	USA	23 Feb 2025	Bay Area Side Events Day 2025
862	Silas Kampp Richter Lassen	2:21.72	Denmark	10 Aug 2024	Festlige Terninger Østervang 2024
863	Leonardo Nobre Homan	2:22.41	Portugal	21 Dec 2024	Cubes 'n Tides in Caparica 2024
864	Seth VanDrimmelen	2:24.01	USA	8 Feb 2025	Cubing with Dinosaurs Lehi 2025
865	Germán García Molina	2:24.22	Spain	29 Nov 2024	Spanish Championship 2024
866	Đặng Hoàng Thịnh	2:24.60	Vietnam	8 Sep 2024	Bay Area Speedcubin' 64 LIVE - SSF 2024
867	Jnus Macalalad	2:26.61	Philippines	10 Aug 2024	Imus Sides Matter 2024
868	Yuito Nozaki (野崎結人)Yuito Nozaki	2:27.50	Japan	15 Feb 2025	Shinyuri Cubing Room #28 2025
869	Jesús Julián De Niz Hernandez	2:27.66	Mexico	18 Aug 2024	Matatipac Open 2024
870	Oliver Crouch	2:27.92	Australia	8 Sep 2024	Bay Area Speedcubin' 64 LIVE - SSF 2024
871	Joseph Liu	2:28.94	USA	25 Jan 2025	Unorthodox Blocks Wisconsin 2025
872	Felix Rejent	2:29.19	Poland	24 Aug 2024	Dębica Cubing Summer 2024
873	Finn Semmelink	2:31.12	Netherlands	17 Nov 2024	Dutch Nationals 2024
874	Sean Seamus Maher	2:31.37	Ireland	30 Nov 2024	Don't Fail Kinsale 2024
875	Riccardo Ripoldi	2:31.42	Italy	22 Mar 2025	Anaunian Side Events 2025
876	Jānis Zirnis	2:31.57	Latvia	26 Jan 2025	Ropaži Winter 2025
877	Kfir Kliakhandler	2:31.81	USA	23 Feb 2025	Bay Area Side Events Day 2025
878	Luis Sinhue Medina Salas	2:32.38	Mexico	28 Sep 2024	Niños Héroes Jalisco 2024
879	Aris Raksamani (อริศม์ รักษมณี)Aris Raksamani	2:33.03	Thailand	15 Feb 2025	Cube n' Chill in Chiang Mai 2025
880	Jake Funnell	2:33.67	UK	22 Sep 2024	Wiltshire September 2024
881	Eli Rogers	2:35.10	USA	18 Jul 2024	NAC 2024
882	Tycho C. Kruithof	2:35.62	Netherlands	17 Nov 2024	Dutch Nationals 2024
883	Peter Aho	2:35.94	USA	21 Jun 2024	CubingUSA Rocky Mountain Championship 2024
884	Artemii Stukarchuk	2:36.61	Russia	27 Oct 2024	SPB Brainstorm FTO Edition 2024
885	Jonah Booker	2:37.35	USA	22 Mar 2025	Orono Open 2025
886	Connor Gaeckle	2:37.61	USA	31 Aug 2024	Pretzel Mania Summer 2024
887	Theodore Chan	2:37.97	Singapore	1 Sep 2024	Singapore Masters 2024
888	Tianyun Zheng (郑天云)Tianyun Zheng	2:38.37	China	1 Oct 2024	UESTC Campus Cube Open 2024
889	Connor Sharpe	2:38.43	Australia	19 Oct 2024	Brisbane Mega Blind 2024
890	Francine Rovie F. Retanan	2:40.48	Philippines	29 Dec 2024	CaMaNaVa Year-End Blast 2024
891	César Santos Inasawa	2:42.28	Brazil	18 Jan 2025	Golden Square Shopping 2025
892	Lincoln Matthews	2:42.46	USA	11 Nov 2023	Utah Championship 2023
893	Abigale Stickler	2:44.28	USA	13 Oct 2024	Colorado Championship 2024
894	Caden Parker	2:44.95	USA	12 Oct 2024	Mid-Atlantic Championship 2024
895	Clay Moore	2:44.96	USA	16 Nov 2024	GA Cubers Go Bananas 2024
896	Zachary Pruden	2:45.89	UK	18 Jan 2025	Chichester January 2025
897	Emú Ticknor Byrd	2:47.54	USA	19 Oct 2024	Bellingham Fall 2024
898	Robert Alan Marks	2:48.42	USA	23 Feb 2025	Bay Area Side Events Day 2025
899	Mike Hughey	2:48.81	USA	2 Apr 2022	Ohio State Expo Open 2022
900	Max Fairbanks	2:49.88	USA	8 Feb 2025	Cubing with Dinosaurs Lehi 2025
901	John Sluss	2:50.51	USA	2 Nov 2024	Colonial Cube Clash VA 2024
902	Eliel Lopez	2:51.12	USA	8 Feb 2025	Cubing with Dinosaurs Lehi 2025
903	Chris Nankervis	2:57.59	USA	16 Mar 2025	OH Weekend of Madness 2025
904	Raiden Chhabra	2:58.76	USA	22 Feb 2025	PA-retzel Mania Winter 2025
905	Kenneth Carlos	2:59.39	Philippines	1 Sep 2024	Valenzuela Sides Challenge 2024
906	Matvei Tianutov (Матвей Тянутов)Matvei Tianutov	3:00.87	Russia	27 Oct 2024	SPB Brainstorm FTO Edition 2024
907	Charlie Smart	3:03.38	UK	19 Oct 2024	Hampshire Autumn 2024
908	Matthew Dickman	3:06.75	USA	20 Nov 2021	SnoCo Goes Back to Square-1 2021
909	Noah Comfort	3:08.82	USA	20 Nov 2021	SnoCo Goes Back to Square-1 2021
910	Lachlan Manson	3:12.56	Australia	1 Sep 2024	Please Be Solved Padbury 2024
911	Harrison Michael Oberg	3:13.63	USA	14 Sep 2024	Oregon Championship 2024
912	Peter Augustine	3:13.99	USA	11 Nov 2023	Utah Championship 2023
913	Danny Havinga	3:14.57	Netherlands	17 Nov 2024	Dutch Nationals 2024
914	Rainier Feiler	3:20.19	USA	12 Mar 2022	Welcome Back Portland 2022
915	Jacob Taylor	3:21.11	Canada	14 Sep 2024	Solved Central Alberta 2024
916	Riccardo Lodi	3:24.23	Italy	29 Dec 2024	Val di NxN 2024
917	Christian Sachgau	3:26.60	Germany	14 Dec 2024	Rhein-Neckar Winter 2024
918	AJ Nicholls	3:26.68	UK	18 Jan 2025	Chichester January 2025
919	Amun Chawla	3:39.34	Canada	17 Nov 2024	Ottawa Big Cubes 2024
920	Joh Fujita (藤田丈)Joh Fujita	3:40.69	Japan	22 Sep 2024	Wiltshire September 2024
921	Chris Bonnello	3:41.03	UK	24 Nov 2024	Lincolnshire Autumn 2024
922	Jakob Jernsletten	3:45.41	Norway	25 Feb 2024	Flatåsen Open 2024
923	Bjørn Ravnås	3:47.09	Norway	11 Aug 2024	Norwegian Championship 2024
924	Wataru Takamiya (髙宮径)Wataru Takamiya	3:57.17	Japan	18 Jan 2025	Shinyuri Cubing Room #27 2025
925	Ian Gameros Delgado	4:09.96	Mexico	22 Mar 2025	Quedada en Tepic #3 2025
926	Amir Ocon Decena	4:12.99	Philippines	1 Sep 2024	Valenzuela Sides Challenge 2024
927	Rodrigo Queiroz Teixeira	4:21.24	Portugal	21 Dec 2024	Cubes 'n Tides in Caparica 2024
928	Nathaniel Gee	4:34.40	USA	1 Jan 2022	Windy City New Year 2022
929	Anthony Finnigan	4:39.51	Canada	14 Sep 2024	Solved Central Alberta 2024
930	Charlie Stark	4:39.71	UK	11 Feb 2023	Newham Side Events Winter 2023
931	Cristina Ruiz Fernández	4:39.92	Spain	21 Dec 2024	Cubes 'n Tides in Caparica 2024
932	Diana Murnik	4:45.63	Russia	27 Oct 2024	SPB Brainstorm FTO Edition 2024
933	Glen Goh Wee Zhuan (吴洧全)Glen Goh Wee Zhuan	4:54.60	Singapore	1 Jan 2025	A New Year in Singapore 2025
934	Daniel Alexander Malave Escalona	5:21.03	Venezuela	13 Dec 2024	Good Ending Cubing Caracas 2024
935	Megan Lear	5:22.29	UK	19 Oct 2024	Hampshire Autumn 2024
936	Jameson Carter	5:53.43	USA	1 Feb 2025	Cubing on the Plains Auburn 2025
937	Lorenzo Meneguz	6:36.90	Italy	22 Mar 2025	Anaunian Side Events 2025
938	Hans Christian Rosendal Overgaard	8:32.05	Denmark	10 Aug 2024	Festlige Terninger Østervang 2024
					
Flashbang					